London St-Pancras,51.531921,-0.126361
Southampton Central,50.907742,-1.413983
Liverpool Central,53.40525,-2.977841
Habrough,53.605507,-0.267936
Barnetby,53.574219,-0.409679
Cupar,56.317043,-3.008772
Eaglescliffe,54.529449,-1.349426
Tonbridge,51.191132,0.269715
Huntingdon,52.328613,-0.192047
Inverkeithing,56.034725,-3.39621
Bognor Regis,50.786594,-0.676384
Forres,57.609661,-3.62847
Leuchars,56.375427,-2.893734
Llandudno,53.320911,-3.827043
Middlesbrough,54.579086,-1.232596
Montrose,56.71286,-2.47207
New Pudsey,53.804573,-1.679581
Newquay,50.415245,-5.075769
Northallerton,54.333084,-1.441718
Paignton,50.434658,-3.564361
Penzance,50.12162,-5.532489
Retford,53.315872,-0.94772
Selby,53.78336,-1.06355
Scarborough,54.2798,-0.405666
Stockton Station,54.56971,-1.31784
Stonehaven,56.966888,-2.225286
Sunderland,54.90617,-1.382357
Thirsk,54.228489,-1.372573
Wakefield Westgate,53.681736,-1.506386
Greenwich,51.477779,-0.014198
Falkirk High,55.991863,-3.792276
Gleneagles,56.274902,-3.7312
Motherwell,55.791927,-3.995234
Perth,56.39275,-3.440068
Stirling,56.119114,-3.934915
Portsmouth Harbour,50.796097,-1.108895
Hull,53.744144,-0.345645
Wareham,50.692425,-2.114646
Weymouth,50.61515,-2.455103
Garve,57.613129,-4.688429
Winchester,51.067303,-1.320628
Alfreton,53.100414,-1.369689
Leicester,52.631397,-1.125274
Harwich International,51.947701,1.255167
Bodmin Parkway,50.445822,-4.663026
Carmarthen,51.853233,-4.305732
Liskeard,50.446711,-4.46753
Llanelli,51.673405,-4.162068
Lostwithiel,50.40744,-4.665497
Milford Haven,51.715977,-5.041485
Neath,51.662315,-3.807267
Newbury Station,51.397599,-1.322608
Par,50.355263,-4.704752
Pembroke Dock,51.69434,-4.93729
Port Talbot Parkway,51.591671,-3.781362
Redruth,50.233111,-5.225877
St Austell,50.338863,-4.789557
St Erth,50.171074,-5.443694
Taunton,51.023613,-3.102146
Teignmouth,50.547993,-3.494712
Tenby,51.672897,-4.707348
Torquay,50.461014,-3.544095
Totnes,50.435623,-3.688317
Truro,50.263603,-5.063017
Westbury,51.26693,-2.199202
Weston-Super-Mare,51.34454,-2.972301
Worcester Shrub Hill,52.194817,-2.210642
Alnmouth,55.392456,-1.636858
Mexborough,53.490986,-1.28855
Pontefract Baghill,53.691517,-1.303355
Rotherham Central,53.429356,-1.358811
Great Yarmouth,52.612122,1.720949
Abergavenny,51.81665,-3.009679
Evesham,52.098793,-1.947413
Tiverton Parkway,50.917477,-3.359979
Kingham,51.902222,-1.629331
Leamington Spa,52.284893,-1.536723
Moreton-In-Marsh,51.992336,-1.7014
Conisbrough,53.48885,-1.234333
Stroud,51.744358,-2.218673
Whitland,51.817989,-4.614454
Norwich,52.627121,1.306879
London Liverpool Street,51.517551,-0.08021
Bedford Station,52.136175,-0.47945
Bradford-On-Avon,51.345058,-2.252669
Earlestown,53.451139,-2.637674
Kettering,52.393177,-0.731724
Llandudno Junction,53.283953,-3.809102
Long Eaton,52.885105,-1.288114
Loughborough,52.779327,-1.194952
Luton,51.882233,-0.414881
Macclesfield,53.259331,-2.121397
Oxenholme Lake District,54.305169,-2.722249
Prestatyn,53.336491,-3.407164
Runcorn,53.338696,-2.73919
Rhyl,53.318409,-3.489144
Solihull,52.415081,-1.78972
Stalybridge,53.484471,-2.06264
Stoke-On-Trent,53.008012,-2.181119
Water Orton,52.518379,-1.743538
Watford Junction,51.663475,-0.396506
Wigan North Western,53.543564,-2.632287
Annan,54.98386,-3.262603
Ayr Station,55.458248,-4.626878
Blair Atholl,56.765614,-3.85025
Carrbridge,57.279873,-3.829541
Carstairs,55.69075,-3.668696
Dalwhinnie,56.934334,-4.246498
Haymarket (Edinburgh),55.945854,-3.218458
Kingussie,57.07785,-4.052227
Kirkconnel,55.38834,-3.998533
Bromley South,51.399887,0.018374
Linlithgow,55.975689,-3.596
Lockerbie,55.123085,-3.353242
Pitlochry,56.70256,-3.736085
Stranraer,54.909626,-5.024806
Castle Cary,51.099583,-2.522683
Charlbury,51.872929,-1.490133
Colwall,52.080284,-2.357489
Dawlish Warren,50.599311,-3.443903
Great Malvern,52.109165,-2.318289
Highbridge & Burnham,51.218098,-2.972192
Honeybourne,52.101383,-1.834989
Kemble,51.67622,-2.023115
Bingley,53.84803,-1.837327
Chorley,53.652428,-2.626693
Ledbury,52.044991,-2.425728
Malvern Link,52.12534,-2.31987
Church Stretton,52.536606,-2.803485
Craven Arms,52.441975,-2.837077
Hamworthy,50.725754,-2.018381
Pershore,52.130249,-2.071555
Pewsey,51.342411,-1.771691
Keighley,53.86787,-1.90112
Stonehouse,51.746029,-2.279516
Leominster,52.225109,-2.730506
Yatton,51.390965,-2.827815
Yeovil Junction,50.924686,-2.613198
Brockenhurst,50.816708,-1.574112
Newhaven Town,50.794888,0.054627
Dorchester South,50.708752,-2.437593
Clapham Junction,51.464134,-0.170281
East Croydon,51.375679,-0.093335
Folkestone Harbour,51.077469,1.188252
Cardiff Bay,51.466324,-3.166049
Haverfordwest,51.802601,-4.960279
Severn Tunnel Junction,51.584629,-2.777917
Abergele & Pensarn,53.294758,-3.581343
Ludlow,52.370853,-2.715275
Beeston,52.920551,-1.207211
Bletchley,51.995339,-0.736368
Borth,52.491001,-4.050236
Malton,54.13155,-0.798593
Moreton (Dorset),50.701057,-2.312914
Caersws,52.516262,-3.43387
Carnforth,54.129688,-2.771244
Deganwy,53.294739,-3.833424
Ealing Broadway,51.51466,-0.300843
Pinhoe,50.738079,-3.469582
Pontypool and New Inn,51.697926,-3.014277
Eccles,53.485443,-2.333014
Scunthorpe,53.58617,-0.650951
Flint,53.249516,-3.13302
Grange-Over-Sands,54.195282,-2.902752
Bridlington,54.084545,-0.200659
Hartford,53.241721,-2.553978
Hinckley,52.534969,-1.371916
Seamer,54.241287,-0.416367
Kirkham & Wesham,53.787373,-2.881834
Shipley,53.833553,-1.773558
Ramsgate,51.340767,1.405833
Market Harborough,52.480366,-0.908868
Warrington Central,53.391857,-2.592434
Machynlleth,52.595844,-3.854311
Melton Mowbray,52.760643,-0.885564
Newton-Le-Willows,53.452873,-2.614369
Northampton,52.237433,-0.906689
Newtown (Powys),52.512291,-3.311432
New Mills Central,53.364567,-2.007485
Oakham,52.671913,-0.734019
Patricroft,53.484745,-2.357919
Penrith,54.661831,-2.758044
Poulton-Le-Fylde,53.848128,-2.990212
St Albans,51.748829,-0.326842
Aviemore,57.18914,-3.828348
Skipton,53.958691,-2.025878
St Helens Junction,53.433525,-2.699892
Shrewsbury,52.711369,-2.74897
Templecombe,51.001083,-2.417532
Wellingborough,52.303867,-0.676496
Wilmslow,53.326595,-2.225177
Wellington (Shropshire),52.700928,-2.516438
Welshpool,52.656998,-3.141297
Axminster,50.778976,-3.005613
Birchwood,53.41193,-2.52802
Crewkerne,50.873337,-2.778815
Feniton,50.787022,-3.285259
Gillingham (Dorset),51.033886,-2.272361
Honiton,50.797062,-3.186207
Aberdovey,52.543934,-4.057118
Barmouth,52.72287,-4.056641
Criccieth,52.918312,-4.236972
Princes Risborough,51.717697,-0.844059
Fairbourne,52.696018,-4.049464
Sherborne,50.94405,-2.513816
Worcester Foregate Street,52.194801,-2.220885
Whimple,50.768253,-3.354243
Andover,51.212048,-1.493167
Ashford International,51.143434,0.875153
Harlech,52.861309,-4.109248
Tisbury,51.060257,-2.078456
Minffordd,52.926464,-4.085625
Eastleigh,50.968559,-1.350563
Fareham,50.853352,-1.19162
Penychain,52.903,-4.33845
Porthmadog,52.930954,-4.136431
Tywyn,52.584663,-4.092974
Whitby,54.484615,-0.615376
Portsmouth & Southsea,50.797756,-1.090417
Whitchurch (Shrops),52.968048,-2.671497
Pwllheli,52.887825,-4.416754
Redhill,51.240124,-0.164851
Audley End,52.004398,0.20719
Runcorn East,53.326929,-2.665102
Bishops Stortford,51.866692,0.16557
Bury St Edmunds,52.253727,0.713355
Stowmarket,52.190105,1.000662
Chelmsford,51.736595,0.469316
Colchester Station,51.900478,0.894085
Arnside,54.202114,-2.827783
Dalton,54.15424,-3.179031
Downham Market,52.60471,0.365751
Diss,52.373096,1.123274
Ely,52.390846,0.266105
Gainsborough Lea Road,53.386078,-0.768558
Elgin,57.64299,-3.31163
Kings Lynn,52.754108,0.403475
Christchurch,50.738148,-1.784566
Littleport,52.462696,0.316905
Southampton Airport Parkway,50.950638,-1.36362
Manningtree,51.948818,1.045653
Watlington,52.672703,0.382736
March,52.560432,0.090409
Appleby,54.58032,-2.486692
Shotton,53.21352,-3.037728
Spalding,52.788418,-0.156722
Sleaford,52.995274,-0.410174
Stamford,52.647358,-0.480474
Settle,54.066897,-2.280704
Havant,50.854416,-0.982763
Cwmbran,51.656544,-3.016233
Thetford,52.419384,0.744109
Filey,54.209946,-0.293351
Petersfield,51.006924,-0.940951
Hove,50.835514,-0.170824
Margate,51.384926,1.371737
Auchinleck,55.47031,-4.295389
Worthing,50.818768,-0.375924
Chichester,50.831821,-0.783032
Arrochar & Tarbet,56.204021,-4.722822
Ardlui,56.302025,-4.721712
Godalming,51.186115,-0.619175
New Milton,50.755836,-1.658313
Fratton,50.795818,-1.073422
Windermere,54.379745,-2.904339
Liphook,51.071213,-0.801027
Liss,51.044254,-0.893023
Bridge of Orchy,56.515926,-4.763048
Warminster,51.206722,-2.177467
Connel Ferry,56.451981,-5.384973
Crianlarich,56.389652,-4.617778
Romsey,50.992641,-1.492716
Corrour,56.760181,-4.690966
Polmont,55.984856,-3.716614
Dalmally,56.400272,-4.9832
Dumbarton Central,55.946705,-4.56697
Haslemere,51.089237,-0.719162
Cark,54.177513,-2.972746
Hunts Cross,53.360644,-2.855716
Langley Mill,53.018236,-1.330982
Huntly,57.444401,-2.776354
Manchester Oxford Road,53.47398,-2.242531
Girvan,55.246517,-4.848927
Garelochhead,56.079449,-4.826544
Telford Central,52.678764,-2.440744
Helensburgh Upper,56.013268,-4.73184
Stansted Mountfitchet,51.901495,0.199642
Newport (Essex),51.97995,0.216176
Elsenham,51.92038,0.22779
Tottenham Hale,51.588257,-0.059914
Whittlesford Parkway,52.104092,0.165388
Waterbeach,52.26268,0.196555
Marks Tey,51.880695,0.782372
Maybole,55.354485,-4.686269
Saltash,50.407108,-4.209449
Barrhill,55.097031,-4.781834
Newtonmore,57.059673,-4.118831
Oban,56.411758,-5.473841
Prestwick Town,55.501675,-4.613935
Insch,57.33749,-2.616279
Silverdale,54.169922,-2.804164
Rannoch,56.685318,-4.576208
Roy Bridge,56.888184,-4.83645
Roose,54.115157,-3.19457
Spean Bridge,56.889839,-4.920321
Trowbridge,51.319954,-2.215222
Troon,55.543045,-4.654731
Taynuilt,56.430714,-5.23868
Upper Tyndrum,56.434551,-4.7036
Tulloch,56.883984,-4.701509
Shenfield,51.630615,0.330602
Witham,51.805702,0.641373
Mallaig,57.005497,-5.8306
Glenfinnan,56.872753,-5.449219
Dovey Junction,52.564133,-3.925273
Dingwall,57.594238,-4.422611
Achnasheen,57.579205,-5.072421
Paisley Gilmour Street,55.848026,-4.424646
Llanfairfechan,53.257278,-3.983256
Faversham,51.311436,0.891278
Penmaenmawr,53.270635,-3.923514
Morpeth,55.162537,-1.682903
Cosford,52.645031,-2.301479
Dewsbury,53.692089,-1.633487
Bridge of Allan,56.157429,-3.956166
Narborough,52.571712,-1.20318
Kents Bank,54.172967,-2.925351
Nailsea & Backwell,51.419357,-2.750661
Ulverston,54.191872,-3.097327
Sandwell & Dudley,52.508431,-2.011281
Nairn,57.580227,-3.873024
Cumbernauld,55.941326,-3.982089
Branksome,50.727528,-1.919211
Parkstone (Dorset),50.723049,-1.94897
Wool,50.68148,-2.220775
Falkirk Grahamston,56.002735,-3.786359
Romford,51.575016,0.181986
Shelford,52.149517,0.139805
Great Chesterford,52.060402,0.1939
Portlethen,57.060455,-2.128577
Tyndrum Lower,56.433407,-4.714873
Loch Awe,56.402481,-5.040117
Canterbury West,51.284279,1.074608
Maidenhead Station,51.518601,-0.722464
Skegness,53.143032,0.333926
Johnstone,55.834759,-4.50369
Kilwinning,55.655994,-4.710071
Menheniot,50.426183,-4.40938
St Germans,50.394386,-4.308757
Inverurie,57.286343,-2.373224
Hellifield,54.010972,-2.227961
Hayes & Harlington,51.502973,-0.420785
Harrow & Wealdstone,51.591576,-0.334067
Heysham Port,54.033284,-2.913179
Markinch,56.200069,-3.131414
Accrington,53.753193,-2.370016
Bamber Bridge,53.726772,-2.660793
Blackburn,53.746513,-2.479135
Brierfield,53.824535,-2.236959
Burnley Barracks,53.791237,-2.258014
Burnley Central,53.793776,-2.244644
Church & Oswaldtwistle,53.750431,-2.391216
Colne,53.85478,-2.181087
Derker Metrolink,53.54969,-2.101085
Failsworth Metrolink,53.51096,-2.162819
Farnworth,53.549999,-2.387857
Hindley,53.542053,-2.574909
Hollinwood Metrolink,53.520267,-2.146953
Kearsley,53.54419,-2.375032
Leyland,53.69886,-2.687101
Milnrow Metrolink,53.608105,-2.111803
Moses Gate,53.55604,-2.400931
Nelson,53.834469,-2.214223
Oldham Mumps Metrolink,53.541006,-2.102036
Oldham Werneth,53.538723,-2.129272
Rishton,53.763813,-2.420165
Shaw & Crompton Metrolink,53.577496,-2.089634
Westhoughton,53.555775,-2.523773
Canterbury East,51.275261,1.075434
Lewes,50.870281,0.012455
Folkestone Central,51.082985,1.168331
Aberdeen,57.143127,-2.097464
Eastbourne,50.769085,0.281847
Rochester,51.384968,0.510698
St Ives,50.208759,-5.477247
Stratford-Upon-Avon Station,52.19376,-1.716148
Tunbridge Wells,51.130119,0.262435
Belfast Central,54.5953,-5.9172
Arbroath,56.559628,-2.588928
Ashford International,51.14335294,0.875167251
Aberystwyth,52.414017,-4.081946
London St-Pancras,51.531831,-0.126747
Tilbury Town,51.462879,0.353724
Snowdown,51.214886,1.213187
Littlehampton,50.810226,-0.546547
Maidstone East,51.277729,0.520618
Banbury,52.060925,-1.327541
Barnsley,53.553978,-1.477688
Barrow-In-Furness,54.118879,-3.22614
Brough,53.726452,-0.578255
Borough Green & Wrotham,51.29295,0.306296
Bangor (Gwynedd),53.222902,-4.135505
Birmingham International,52.450673,-1.725149
Birmingham New Street,52.478153,-1.898375
Bradford Interchange,53.791196,-1.749701
London Blackfriars,51.510735,-0.103554
Blackpool North,53.822772,-3.049908
Blackpool South,53.798611,-3.049081
Bolton,53.573983,-2.425661
Birmingham,52.483056,-1.893611
Bournemouth,50.727478,-1.863955
Burton-On-Trent,52.805798,-1.64246
Barnstaple,51.073532,-4.064032
Bristol Parkway,51.514061,-2.53461
Bridgend,51.506481,-3.576296
Bristol Temple Meads,51.449093,-2.581349
Brighton,50.829659,-0.141234
Bridgwater,51.128025,-2.99031
Basingstoke,51.26804,-1.086896
Bath Spa,51.378059,-2.356302
Market Rasen,53.384441,-0.337075
Berwick-Upon-Tweed,55.774872,-2.01112
Carlisle,54.890675,-2.933833
Cambridge Station,52.194519,0.137584
Colwyn Bay,53.296349,-3.725462
Cardiff Central,51.475193,-3.177794
Chesterfield,53.238209,-1.42011
Poole,50.718559,-1.982964
Congleton,53.157637,-2.192754
Chippenham,51.462162,-2.115123
Cheltenham Spa,51.896465,-2.100245
Chinley,53.340275,-1.9444
Camborne,50.210392,-5.297921
Coatbridge Central,55.863213,-4.032443
Coventry,52.400787,-1.513466
Crewe,53.089607,-2.432987
Cleethorpes,53.56316,-0.029584
Clacton-On-Sea,51.793953,1.154134
Chester,53.196815,-2.880152
Darlington,54.520462,-1.54732
Dunbar,55.998428,-2.514625
Derby,52.916381,-1.462555
Deal,51.223129,1.398559
Durham,54.779408,-1.581746
Didcot Parkway,51.611275,-1.242614
Gatwick Airport,51.156425,-0.161022
Doncaster,53.521469,-1.140225
Tamworth,52.63737,-1.687083
Penrhyndeudraeth,52.928623,-4.064905
Dundee,56.456669,-2.970576
Dumfries,55.072395,-3.605261
Dawlish,50.580692,-3.464583
Fishguard Harbour,52.011505,-4.985713
Ebbsfleet International,51.443009,0.320887
Edinburgh Waverley,55.952442,-3.188236
Exeter Central,50.726471,-3.532973
Exeter St Davids,50.729019,-3.544387
Exeter,50.716667,-3.516667
Folkestone,51.081,1.166
Fort William,56.820625,-5.106721
Gloucester,51.864799,-2.238141
Glasgow,55.858,-4.259
Glasgow Queen Street,55.863003,-4.251385
Glasgow Central,55.860157,-4.259208
Guildford Station,51.236912,-0.580409
Goole,53.704426,-0.872907
Grantham,52.906448,-0.642438
Grimsby Town,53.564091,-0.086922
Huddersfield,53.648407,-1.785142
Halifax,53.720417,-1.854486
Holyhead,53.307674,-4.631062
Herne Bay,51.364059,1.118742
Hereford,52.060715,-2.708854
Harrogate,53.991959,-1.537814
Hastings,50.858288,0.57608
Hartlepool,54.686771,-1.2073
Heathrow Terminals 1-2-3 Rail,51.471,-0.456
Harwich International,51.947701,1.255167
Hayle,50.186176,-5.419558
Ipswich Station,52.050552,1.144481
Inverness,57.480194,-4.223199
Kirkcaldy,56.112579,-3.167445
Kilmarnock,55.612835,-4.499048
Kyle of Lochalsh,57.280567,-5.713067
Lancaster,54.048553,-2.807934
London Charing Cross,51.508362,-0.123835
Lincoln Central,53.227089,-0.540922
Leeds,53.795158,-1.549089
London Euston,51.528313,-0.134545
Liverpool Lime Street,53.407299,-2.977746
London Kings Cross,51.530827,-0.122907
Kensington Olympia,51.497753,-0.210189
London,51.50469233,-0.078459978
London Marylebone,51.52248,-0.163605
London Victoria,51.4966,-0.1448
London Waterloo,51.501865,-0.111126
Stratford International,51.544306,-0.009882
London Fenchurch Street,51.511234,-0.079039
London Paddington,51.516014,-0.176049
Luton Airport,51.880918,-0.413341
Manchester Piccadilly,53.476704,-2.228991
Manchester Airport,53.361568,-2.268941
Manchester Victoria,53.487465,-2.242607
Aldershot,51.246151,-0.760657
Ascot,51.406185,-0.675827
Aylesbury,51.813868,-0.815048
Barnham,50.831135,-0.639627
Battle,50.91312,0.495169
Bicester North,51.903401,-1.150517
Bracknell,51.413319,-0.751833
Braintree,51.874989,0.558261
Broadstairs,51.360653,1.43317
Chatham,51.381161,0.520559
Dartford,51.447548,0.217643
East Grinstead,51.126213,-0.017887
Effingham Junction,51.291504,-0.419536
Enfield Town,51.651524,-0.078891
Epsom Station,51.334339,-0.268756
Exmouth,50.620937,-3.415035
Exton,50.668255,-3.443337
Farnham,51.211422,-0.793093
Felixstowe,51.967449,1.352707
Finsbury Park,51.564724,-0.105642
Fleet,51.290947,-0.831169
Gillingham (Kent),51.386829,0.549618
Gravesend,51.441029,0.36699
Gunnislake,50.515992,-4.219437
Hackney Downs,51.548695,-0.060144
Henley-On-Thames,51.534182,-0.900133
High Wycombe,51.629793,-0.745139
Hildenborough,51.214451,0.226465
Hitchin,51.952915,-0.262498
Horsham,51.066174,-0.318753
Kings Sutton,52.020184,-1.280066
Lewisham,51.466099,-0.014703
Llandrindod,52.242687,-3.37963
Marlow,51.570995,-0.766452
Orpington,51.373463,0.089049
Oxted,51.257298,-0.005075
Richmond,51.462505,-0.301346
Royston,52.053509,-0.026686
Saunderton,51.675751,-0.825626
Sevenoaks,51.27734,0.182193
Shoeburyness,51.531414,0.795616
Sittingbourne,51.342201,0.733817
Slough,51.511921,-0.591803
Southend Victoria,51.542389,0.711184
Southminster,51.660873,0.835397
Staines,51.432873,-0.502415
Surbiton,51.392406,-0.303942
Tilbury Riverside,51.451862,0.36467
Twickenham,51.450321,-0.329136
Twyford,51.475605,-0.86389
Uckfield,50.968651,0.095048
Upminster,51.559307,0.251938
Wakefield Kirkgate,53.67897,-1.488254
Walton-On-The-Naze,51.846603,1.268192
Welwyn Garden City,51.800957,-0.203081
Wembley Central,51.551468,-0.296592
West Ealing,51.513123,-0.320792
Weybridge,51.361248,-0.457352
Wickford,51.615025,0.519052
Wick,58.441788,-3.097965
Wimbledon Station,51.421528,-0.206496
Windsor & Eton Riverside,51.486309,-0.605804
Wokingham,51.411556,-0.842473
Woolwich Arsenal,51.489815,0.069883
Yeovil Pen Mill,50.944466,-2.613461
Farnborough Main,51.296471,-0.756436
Farnborough North,51.301723,-0.743385
Lymington Pier,50.758083,-1.529275
Lymington Town,50.760818,-1.537753
St Albans Abbey,51.744675,-0.342422
Sudbury Hill Harrow,51.558423,-0.336092
Manchester,53.483333,-2.25
Milton Keynes Central,52.034357,-0.77341
Newcastle,54.968243,-1.617264
Newhaven,50.8,0.06
Newhaven Harbour,50.790398,0.054433
Newark Northgate,53.082542,-0.799644
Nottingham,52.946905,-1.146441
Newton Abbot,50.529507,-3.599957
Nuneaton,52.526436,-1.463431
Newport Gwent,51.590145,-2.998873
Oxford,51.753549,-1.270037
Peterborough,52.574947,-0.24981
Plymouth,50.377762,-4.143386
Preston,53.755721,-2.707191
Reading Station,51.458767,-0.972172
Rugby,52.378719,-1.249263
Rye,50.951916,0.730782
Salisbury,51.070915,-1.805864
Sandwich,51.269711,1.343208
Sheffield,53.378639,-1.463297
Stockport,53.4049,-2.162419
Stansted Airport,51.888979,0.26162
Stafford,52.804466,-2.123088
Sutton (Surrey),51.360126,-0.190223
Stevenage,51.899025,-0.206437
Swansea,51.625103,-3.941598
Swindon,51.565437,-1.786448
Thurso,58.590092,-3.527548
Woking (Main),51.31847,-0.557814
Whitstable,51.358204,1.033577
Wolverhampton,52.587818,-2.119529
Heathrow Airport,51.478443,-0.46134
York,53.957966,-1.093159
London Victoria Coach Station,51.492491,-0.148278
Ashford International,51.143673,0.873628
Ebbsfleet International,51.442961,0.320921
Abbey Wood,51.490719,0.120343
Aber,51.575363,-3.23089
Abercynon,51.64262,-3.329549
Aberdare,51.715019,-3.44313
Aberdour,56.054646,-3.300575
Abererch,52.898567,-4.37423
Achanalt,57.609921,-4.914243
Achnashellach,57.482697,-5.333001
Acklington,55.307129,-1.651816
Acle,52.634647,1.543981
Acocks Green,52.449291,-1.81898
Acton Bridge,53.265961,-2.602689
Acton Central,51.508717,-0.263601
Acton Main Line,51.516865,-0.26762
Adderley Park,52.483505,-1.854184
Addiewell,55.843449,-3.60655
Addlestone,51.372414,-0.48571
Adisham,51.241352,1.199277
Adlington (Cheshire),53.319542,-2.133571
Adlington (Lancashire),53.612926,-2.603084
Adwick,53.572994,-1.181465
Aigburth,53.364614,-2.927041
Ainsdale,53.601818,-3.042691
Aintree,53.473995,-2.956687
Airbles,55.782504,-3.994447
Airdrie,55.864029,-3.982952
Albany Park,51.435745,0.126427
Albrighton,52.637917,-2.268913
Alderley Edge,53.303762,-2.236812
Aldermaston,51.402047,-1.136972
Aldrington,50.836601,-0.182151
Alexandra Palace,51.598225,-0.120129
Alexandra Parade,55.863724,-4.211465
Alexandria,55.98513,-4.577534
Allens West,54.524128,-1.363418
Alloa,56.1179,-3.7872
Alness,57.694477,-4.249743
Alresford,51.853828,0.997114
Alsager,53.093054,-2.29861
Althorne,51.647526,0.753603
Althorpe,53.585262,-0.732558
Altnabreac,58.388439,-3.705279
Alton,51.151947,-0.967658
Altrincham,53.3874,-2.347212
Alvechurch,52.346607,-1.967854
Ambergate,53.060501,-1.4807
Amberley,50.896507,-0.542446
Amersham,51.67439,-0.60613
Ammanford,51.795933,-3.996783
Ancaster,52.987888,-0.535596
Anderston,55.859924,-4.271969
Anerley,51.41163,-0.064348
Angel Road,51.612354,-0.048763
Angmering,50.816704,-0.489559
Anniesland,55.889553,-4.321684
Ansdell & Fairhaven,53.741558,-2.993077
Appledore (Kent),51.032623,0.816826
Appleford,51.639562,-1.242375
Appley Bridge,53.579029,-2.718906
Apsley,51.732712,-0.463568
Ardgay,57.881119,-4.362604
Ardrossan Harbour,55.640854,-4.823461
Ardrossan South Beach,55.640495,-4.799593
Ardrossan Town,55.639313,-4.812212
Ardwick,53.47134,-2.213893
Argyle Street,55.855938,-4.244574
Arisaig,56.912617,-5.839141
Arlesey,52.025938,-0.266178
Armadale,55.88639,-3.68504
Armathwaite,54.809611,-2.77209
Arram,53.884567,-0.426833
Arundel,50.848003,-0.546796
Ascott-Under-Wychwood,51.867376,-1.564136
Ash,51.249222,-0.711856
Ash Vale,51.272709,-0.721247
Ashburys,53.471761,-2.194991
Ashchurch for Tewkesbury,51.997158,-2.10921
Ashfield,55.889214,-4.2433
Ashford Surrey,51.436047,-0.469229
Ashley,53.355984,-2.341029
Ashtead,51.317822,-0.308126
Ashton-Under-Lyne,53.491264,-2.093415
Ashurst Kent,51.128601,0.152298
Ashurst New Forest,50.888865,-1.525097
Ashwell & Morden,52.030586,-0.10934
Askam,54.189049,-3.204545
Aslockton,52.951351,-0.898541
Aspatria,54.759338,-3.331752
Aspley Guise,52.020725,-0.631519
Aston,52.505104,-1.871788
Atherstone,52.578949,-1.552808
Atherton,53.528817,-2.478683
Attadale,57.394871,-5.456549
Attenborough,52.906322,-1.231262
Attleborough,52.514214,1.022719
Aughton Park,53.55447,-2.895095
Avoncliff,51.339596,-2.281342
Avonmouth,51.500194,-2.699332
Aylesbury Vale Parkway,51.8327,-0.8623
Aylesford,51.301384,0.465964
Aylesham,51.227185,1.209682
Bache,53.209312,-2.892386
Baglan,51.61549,-3.811182
Bagshot,51.364964,-0.688501
Baildon,53.849682,-1.753717
Baillieston,55.844761,-4.11454
Balcombe,51.05624,-0.137881
Baldock,51.993156,-0.188106
Balham,51.443169,-0.152403
Balloch Central,56.002983,-4.583539
Balmossie,56.475548,-2.83764
Bamford,53.338985,-1.689078
Banavie,56.84338,-5.095477
Bank Hall,53.437357,-2.987509
Banstead,51.329922,-0.214384
Barassie,55.5611,-4.651181
Bardon Mill,54.974636,-2.349922
Bare Lane,54.074473,-2.835331
Bargeddie,55.851776,-4.071789
Bargoed,51.692268,-3.229717
Barking,51.539982,0.080804
Barlaston,52.942856,-2.168118
Barming,51.284904,0.479428
Barnehurst,51.464798,0.160885
Barnes Bridge,51.471676,-0.252051
Barnes Station,51.467014,-0.240711
Barnhill,55.877895,-4.223463
Barnt Green,52.361328,-1.994098
Barrhead,55.804535,-4.396411
Barrow Haven,53.697128,-0.391427
Barrow Upon Soar,52.750244,-1.14956
Barry Docks,51.402393,-3.260749
Barry Island,51.392361,-3.273405
Barry Links,56.493206,-2.745444
Barry Station,51.396729,-3.285023
Barton-On-Humber,53.688824,-0.443233
Basildon,51.568672,0.457309
Bat & Ball,51.289703,0.194258
Bathgate,55.898678,-3.644019
Batley,53.709129,-1.622734
Battersby,54.457687,-1.092945
Battersea Park,51.477272,-0.148151
Battlesbridge,51.624805,0.565826
Bayford,51.758808,-0.096074
Beaconsfield,51.611141,-0.643644
Bearley,52.244252,-1.750259
Bearsden,55.917202,-4.332945
Bearsted,51.275589,0.57786
Beasdale,56.899624,-5.763864
Beaulieu Road,50.854206,-1.505586
Beauly,57.478,-4.4698
Bebington,53.357651,-3.003659
Beccles,52.458481,1.569547
Beckenham Hill,51.424767,-0.016497
Beckenham Junction,51.411446,-0.027144
Bedford St Johns,52.129299,-0.467348
Bedhampton,50.853638,-0.996989
Bedminster,51.440037,-2.594184
Bedworth,52.479133,-1.46749
Bedwyn,51.379715,-1.599077
Bekesbourne,51.261051,1.136125
Belle Vue,53.462181,-2.180809
Bellgrove,55.857182,-4.22547
Bellingham,51.433826,-0.020421
Bellshill,55.816605,-4.025222
Belmont,51.344086,-0.199471
Belper,53.024555,-1.482622
Beltring,51.204651,0.403518
Belvedere,51.491936,0.152088
Bempton,54.128296,-0.180389
Ben Rhydding,53.926167,-1.797429
Benfleet,51.543964,0.561273
Bentham,54.115791,-2.510918
Bentley,51.180695,-0.868287
Bentley (South Yorkshire),53.542865,-1.148788
Bere Alston,50.485535,-4.200418
Bere Ferrers,50.450798,-4.181901
Berkhamsted,51.763638,-0.562498
Berkswell,52.395851,-1.642845
Berney Arms,52.589745,1.63043
Berry Brow,53.622368,-1.797371
Berrylands,51.39838,-0.282157
Berwick (Sussex),50.840569,0.164587
Bescar Lane,53.623531,-2.914703
Bescot Stadium,52.562702,-1.991116
Besses O’ Th’ Barn Metrolink,53.5413,-2.28667
Betchworth,51.247993,-0.26771
Bethnal Green,51.524406,-0.059747
Betws-Y-Coed,53.092056,-3.80091
Beverley,53.842281,-0.423855
Bexhill,50.840679,0.475678
Bexley,51.440742,0.148248
Bexleyheath,51.463493,0.133471
Bicester Village,51.893429,-1.148393
Bickley,51.40033,0.044272
Bidston,53.40913,-3.078589
Biggleswade,52.085068,-0.260294
Bilbrook,52.623695,-2.186101
Billericay,51.628834,0.418656
Billingham,54.606327,-1.278525
Billingshurst,51.014938,-0.450348
Bingham,52.954536,-0.952044
Birchgrove,51.521687,-3.203502
Birchington-On-Sea,51.377956,1.300781
Birkbeck,51.403847,-0.056218
Birkdale,53.633514,-3.014742
Birkenhead Central,53.388244,-3.020897
Birkenhead Hamilton Square,53.39469,-3.01365
Birkenhead North,53.404819,-3.057425
Birkenhead Park,53.397417,-3.03927
Birmingham Moor Street,52.479053,-1.892483
Birmingham Snow Hill,52.483555,-1.899833
Bishop Auckland,54.657482,-1.677545
Bishopbriggs,55.903927,-4.224958
Bishopstone (Hill Rise),50.780014,0.082352
Bishopton,55.902206,-4.501637
Bitterne,50.918343,-1.378279
Blackheath,51.465706,0.008317
Blackhorse Road,51.586143,-0.04123
Blackpool Pleasure Beach,53.788154,-3.053856
Blackridge,55.88368,-3.75047
Blackrod,53.591522,-2.56954
Blackwater,51.33176,-0.777023
Blaenau Ffestiniog,52.996284,-3.944449
Blairhill,55.866653,-4.04221
Blake Street,52.605054,-1.844888
Blakedown,52.406147,-2.176365
Blantyre,55.7976,-4.086466
Blaydon,54.965813,-1.712578
Bleasby,53.041649,-0.942469
Bloxwich North,52.625637,-2.019173
Bloxwich Station,52.61853,-2.011783
Blundellsands & Crosby,53.487675,-3.039889
Blythe Bridge,52.968124,-2.066966
Bodorgan,53.204292,-4.418067
Bogston,55.937267,-4.713676
Bolton-On-Dearne,53.518986,-1.312217
Bookham,51.288334,-0.385224
Bootle (Cumbria),54.290249,-3.394818
Bootle New Strand,53.453357,-2.994676
Bootle Oriel Road,53.446559,-2.995791
Bordesley,52.471844,-1.877771
Bosham,50.843262,-0.846655
Boston,52.978802,-0.030949
Botley,50.916748,-1.258809
Bottesford,52.944962,-0.796012
Bourne End,51.576538,-0.711287
Bournville,52.426937,-1.926434
Bow Brickhill,52.003475,-0.696154
Bowes Park,51.607216,-0.119761
Bowker Vale Metrolink,53.5243,-2.25035
Bowling,55.931129,-4.493879
Box Hill & Westhumble,51.253376,-0.329128
Bradford Forster Square,53.79575,-1.752505
Brading,50.678509,-1.13801
Braintree Freeport,51.869316,0.568258
Bramhall,53.359959,-2.162249
Bramley (Hants),51.32988,-1.061265
Bramley (W Yorks),53.803532,-1.630985
Brampton (Cumbria),54.932655,-2.703814
Brampton (Suffolk),52.395397,1.543871
Branchton,55.940647,-4.803598
Brandon,52.454479,0.624116
Braystones,54.43956,-3.543406
Bredbury,53.422939,-2.109823
Breich,55.827351,-3.668147
Brentford,51.487804,-0.309048
Brentwood,51.61322,0.30083
Bricket Wood,51.705223,-0.358846
Bridgeton,55.849968,-4.226668
Brigg,53.549137,-0.486094
Brighouse,53.698734,-1.781855
Brimsdown,51.655224,-0.031022
Brinnington,53.431881,-2.134097
Brithdir,51.710266,-3.228765
British Steel Redcar,54.609263,-1.108324
Briton Ferry,51.637852,-3.8193
Brixton,51.463245,-0.114164
Broad Green,53.40654,-2.893267
Broadbottom,53.440968,-2.01653
Brockholes,53.597149,-1.770299
Brockley,51.464684,-0.037797
Brockley Whins,54.958672,-1.462749
Bromborough Rake,53.329899,-2.989644
Bromborough Station,53.322146,-2.987058
Bromley Cross,53.613743,-2.409614
Bromley North,51.408894,0.017325
Bromsgrove,52.322662,-2.048379
Brondesbury Park,51.540896,-0.209955
Brondesbury Station,51.545574,-0.203063
Brooklands Metrolink,53.41716,-2.32646
Brookmans Park,51.720955,-0.204811
Brookwood,51.303215,-0.635753
Broome,52.422745,-2.88524
Broomfleet,53.740131,-0.673328
Brora,58.012657,-3.853251
Broughty Ferry,56.467213,-2.873153
Broxbourne,51.745712,-0.011157
Bruce Grove,51.592918,-0.06982
Brundall Gardens,52.623035,1.418896
Brundall Station,52.619747,1.439316
Brunstane,55.94143,-3.10064
Brunswick,53.382153,-2.975665
Bruton,51.111584,-2.447103
Bryn,53.499893,-2.647233
Buckenham,52.59816,1.47013
Buckley,53.163021,-3.055948
Bucknell,52.357525,-2.948551
Buckshaw Parkway,53.67283,-2.66447
Bugle,50.399979,-4.791736
Builth Road,52.169289,-3.427068
Bulwell,52.999625,-1.196115
Bures,51.97094,0.769021
Burgess Hill,50.953552,-0.127749
Burley Park,53.808743,-1.576277
Burley-In-Wharfedale,53.908112,-1.753363
Burnage,53.421205,-2.215896
Burneside,54.355305,-2.766231
Burnham,51.523538,-0.647335
Burnham-On-Crouch,51.633526,0.813459
Burnley Manchester Road,53.784962,-2.248883
Burnside,55.817123,-4.204029
Burntisland,56.057133,-3.233214
Burscough Bridge,53.60519,-2.841758
Burscough Junction,53.598011,-2.840105
Bursledon,50.882858,-1.304835
Burton Joyce,52.984047,-1.040698
Bury Metrolink,53.59112,-2.29713
Busby,55.780109,-4.262551
Bush Hill Park,51.642365,-0.06916
Bushey,51.644669,-0.384806
Butlers Lane,52.592376,-1.838163
Buxted,50.990475,0.131651
Buxton Station,53.26058,-1.913086
Byfleet & New Haw,51.349869,-0.480714
Bynea,51.67276,-4.098396
Cadoxton,51.412422,-3.248087
Caergwrle,53.107922,-3.033069
Caerphilly,51.571903,-3.217805
Caldercruix,55.88791,-3.88978
Caldicot,51.58474,-2.760598
Caledonian Road & Barnsbury,51.543301,-0.115177
Calstock,50.497487,-4.208665
Cam & Dursley,51.71701,-2.366194
Camberley,51.335911,-0.745328
Cambridge Heath,51.53157,-0.057997
Cambuslang,55.819458,-4.173839
Camden Road,51.541889,-0.139764
Camelon,56.006775,-3.817015
Canada Water,51.49823,-0.05076
Canley,52.399418,-1.547232
Cannock,52.686768,-2.022158
Canonbury,51.548747,-0.091614
Cantley,52.578907,1.512899
Capenhurst,53.260155,-2.942908
Carbis Bay,50.19746,-5.463815
Cardenden,56.141308,-3.261651
Cardiff Queen Street,51.482464,-3.170782
Cardonald,55.853252,-4.340297
Cardross,55.960163,-4.652782
Carfin,55.806938,-3.956112
Carlton Station,52.964573,-1.078357
Carluke,55.730408,-3.848761
Carmyle,55.834053,-4.161873
Carnoustie,56.500618,-2.7066
Carntyne,55.854412,-4.17898
Carpenders Park,51.627885,-0.385578
Carshalton,51.367859,-0.16693
Carshalton Beeches,51.357117,-0.17023
Cartsdyke,55.942261,-4.731633
Castle Bar Park,51.522865,-0.331575
Castleford,53.724171,-1.355852
Castleton,53.591804,-2.178125
Castleton Moor,54.467297,-0.947707
Caterham,51.282803,-0.078539
Catford Bridge,51.444725,-0.027142
Catford Station,51.444706,-0.025701
Cathays,51.488678,-3.178149
Cathcart,55.817879,-4.261552
Cattal,53.997515,-1.319808
Causeland,50.405525,-4.466937
Cefn-Y-Bedd,53.098511,-3.031972
Chadwell Heath,51.567905,0.128263
Chafford Hundred,51.502792,0.290938
Chalfont & Latimer,51.66835,-0.560646
Chalkwell,51.53883,0.6706
Chandlers Ford,50.983,-1.3845
Chapel-En-Le-Frith,53.312405,-1.918915
Chapeltown,53.464046,-1.466743
Chapleton,51.01577,-4.024398
Chappel & Wakes Colne,51.925312,0.758944
Charing,51.208649,0.790337
Charing Cross Glasgow,55.865345,-4.270689
Charlton,51.486904,0.030852
Chartham,51.256958,1.018303
Chassen Road,53.44605,-2.368171
Chatelherault,55.76521,-4.00466
Chathill,55.536404,-1.706846
Cheadle Hulme,53.375956,-2.188125
Cheam,51.35601,-0.2148
Cheddington,51.857908,-0.662168
Chelford,53.270744,-2.280375
Chelsfield,51.35603,0.108373
Chepstow,51.640137,-2.67193
Cherry Tree,53.732868,-2.518401
Chertsey,51.387108,-0.509667
Cheshunt,51.702747,-0.023171
Chessington North,51.364483,-0.300661
Chessington South,51.356491,-0.308144
Chester Road,52.535575,-1.832582
Chester-Le-Street,54.854885,-1.577847
Chestfield & Swalecliffe,51.360004,1.068182
Chetnole,50.866428,-2.574072
Chilham,51.244549,0.975937
Chilworth,51.21553,-0.523795
Chingford,51.63385,0.009955
Chipstead,51.309444,-0.169259
Chirk,52.932793,-3.066708
Chislehurst,51.405506,0.057437
Chiswick,51.4809,-0.267538
Cholsey,51.570135,-1.157942
Chorleywood,51.654188,-0.51846
Christs Hospital,51.050629,-0.363538
Church Fenton,53.827671,-1.226652
Cilmeri,52.150936,-3.45719
City Thameslink,51.514336,-0.103412
Clandon,51.263832,-0.503622
Clapham (Nth Yorkshire),54.105392,-2.409858
Clapham High Street,51.46534,-0.1328
Clapton,51.56213,-0.056685
Clarbeston Road,51.852207,-4.88221
Clarkston,55.789753,-4.275865
Claverdon,52.276424,-1.696566
Claygate,51.360664,-0.348207
Cleland,55.804073,-3.909695
Clifton,53.522503,-2.314811
Clifton Down,51.46423,-2.611761
Clitheroe,53.87345,-2.394365
Clock House,51.408096,-0.041668
Clunderwen,51.8405,-4.731915
Clydebank,55.900562,-4.403927
Coatbridge Sunnyside,55.866886,-4.027847
Coatdyke,55.864567,-4.005343
Cobham & Stoke Dabernon,51.318077,-0.389917
Codsall,52.627262,-2.200891
Cogan,51.445396,-3.189974
Colchester Town,51.886505,0.904055
Coleshill Parkway,52.5164,-1.7081
Collingham,53.144047,-0.748588
Collington,50.839272,0.457142
Combe,51.832277,-1.392817
Commondale,54.481018,-0.97514
Conon Bridge,57.5617,-4.4404
Cononley,53.917351,-2.010631
Conway Park,53.386219,-3.026886
Conwy,53.280093,-3.83046
Cooden Beach,50.83271,0.426969
Cookham,51.556873,-0.721948
Cooksbridge,50.903938,-0.010272
Coombe,50.44479,-4.481655
Copplestone,50.814228,-3.751624
Corbridge,54.966152,-2.017141
Corby,52.489196,-0.687944
Corkerhill,55.836494,-4.323322
Corkickle,54.541657,-3.582155
Corpach,56.842724,-5.121662
Coryton,51.520512,-3.230858
Coseley,52.545738,-2.086051
Cosham,50.841644,-1.068259
Cottingham,53.781826,-0.406402
Cottingley,53.767437,-1.588832
Coulsdon South,51.315231,-0.13746
Cowden,51.155441,0.110653
Cowdenbeath,56.111679,-3.344314
Cradley Heath,52.469177,-2.08976
Craigendoran,55.99485,-4.711291
Cramlington,55.088604,-1.598887
Crawley,51.111874,-0.187083
Crayford,51.448273,0.178826
Crediton,50.783375,-3.646912
Cressing,51.852028,0.580186
Cressington,53.3588,-2.91172
Creswell (Derbys),53.264008,-1.215865
Crews Hill,51.684334,-0.106441
Cricklewood,51.559227,-0.214071
Croftfoot,55.818455,-4.229643
Crofton Park,51.454777,-0.03678
Cromer,52.930595,1.292778
Cromford,53.112915,-1.548788
Crookston,55.84388,-4.36049
Cross Gates,53.804638,-1.451798
Crossflatts,53.858829,-1.844886
Crosshill,55.833225,-4.257648
Crosskeys,51.621,-3.1261
Crossmyloof,55.833626,-4.284813
Croston,53.66756,-2.777717
Crouch Hill,51.571205,-0.116907
Crowborough,51.046085,0.188422
Crowhurst,50.888702,0.500984
Crowle,53.589725,-0.817042
Crowthorne,51.366356,-0.819194
Croy,55.955734,-4.035697
Crumpsall Metrolink,53.51713,-2.24277
Crystal Palace,51.417603,-0.072899
Cuddington,53.23991,-2.599329
Cuffley,51.708675,-0.109761
Culham,51.653773,-1.236445
Culrain,57.919842,-4.405676
Curriehill,55.901703,-3.317849
Cuxton,51.374298,0.462693
Cwmbach,51.701885,-3.413774
Cynghordy,52.051689,-3.747095
Dagenham Dock,51.526237,0.14505
Dagenham East L.T.,51.532065,0.146965
Daisy Hill,53.539389,-2.516212
Dalgety Bay,56.044178,-3.354809
Dalmarnock,55.839371,-4.21647
Dalmeny,55.986362,-3.381645
Dalmuir,55.911793,-4.427038
Dalreoch,55.947365,-4.578226
Dalry,55.705395,-4.711899
Dalston (Cumbria),54.846203,-2.988866
Dalston Junction,51.546139,-0.07544
Dalston Kingsland,51.548035,-0.074594
Danby,54.466068,-0.910704
Dane Road Metrolink,53.42978,-2.3115
Danescourt,51.505199,-3.23332
Danzey,52.324329,-1.819493
Darnall,53.381084,-1.410661
Darsham,52.272812,1.522343
Darton,53.58836,-1.531646
Darwen,53.69804,-2.464958
Datchet,51.483303,-0.579978
Davenport,53.390719,-2.153234
Dean,51.042629,-1.634802
Deansgate,53.473961,-2.250061
Deighton,53.669018,-1.751739
Delamere,53.228767,-2.666577
Denby Dale,53.572628,-1.663215
Denham,51.578495,-0.497633
Denham Golf Club,51.580544,-0.517774
Denmark Hill,51.468243,-0.089475
Dent,54.282597,-2.363987
Denton,53.457087,-2.131648
Deptford,51.478897,-0.02711
Derby Road,52.04953,1.182332
Devonport,50.378132,-4.171534
Digby & Sowton,50.716434,-3.474574
Dilton Marsh,51.248928,-2.207723
Dinas Powys,51.431614,-3.21839
Dinas Rhondda,51.617073,-3.437123
Dingle Road,51.440109,-3.179776
Dinsdale,54.51474,-1.467051
Dinting,53.449382,-1.970276
Disley,53.358146,-2.042465
Dockyard,50.382553,-4.175957
Dodworth,53.545216,-1.530617
Dolau,52.295223,-3.263955
Doleham,50.918686,0.610732
Dolgarrog,53.186123,-3.822808
Dolwyddelan,53.052105,-3.884288
Dorchester West,50.710526,-2.443274
Dore & Totley,53.327625,-1.514997
Dorking Deepdene,51.238918,-0.323921
Dorking Station,51.241615,-0.323822
Dorking West,51.236443,-0.339762
Dormans,51.15567,-0.005183
Dorridge,52.371861,-1.753209
Dove Holes,53.300005,-1.890678
Dover Priory,51.125988,1.304227
Dovercourt,51.938892,1.280724
Drayton Green,51.516326,-0.330089
Drayton Park,51.552124,-0.104723
Drem,56.005981,-2.785752
Driffield,54.001526,-0.434627
Drigg,54.376968,-3.444066
Droitwich Spa,52.26862,-2.158239
Dronfield,53.301357,-1.468768
Drumchapel,55.904926,-4.364204
Drumfrochar,55.941292,-4.774822
Drumgelloch,55.867233,-3.95114
Drumry,55.904495,-4.386583
Duddeston,52.488018,-1.871842
Dudley Port,52.524517,-2.049401
Duffield,52.987713,-1.486035
Duirinish,57.319847,-5.692103
Duke Street,55.859207,-4.212814
Dullingham,52.200943,0.366197
Dumbarton East,55.942478,-4.55387
Dumbreck,55.841255,-4.309216
Dumpton Park,51.345566,1.426291
Dunblane,56.186001,-3.967296
Duncraig,57.336727,-5.637282
Dunfermline Queen Margaret,56.080706,-3.42164
Dunfermline Town,56.068233,-3.452033
Dunkeld & Birnam,56.557301,-3.578097
Dunlop,55.711926,-4.532435
Dunrobin Castle,57.986111,-3.946595
Dunston,54.952164,-1.648648
Dunton Green,51.296425,0.171616
Durrington-On-Sea,50.817463,-0.411463
Dyce,57.205002,-2.191978
Dyffryn Ardudwy,52.78857,-4.104242
Earl’s Court L.T.,51.49138,-0.1936
Earley,51.441051,-0.917989
Earlsfield,51.441929,-0.188423
Earlswood (Surrey),51.227631,-0.171078
Earlswood (West Midlands),52.366638,-1.861907
East Boldon,54.9468,-1.420767
East Didsbury,53.410206,-2.22111
East Dulwich,51.460911,-0.081151
East Farleigh,51.255112,0.48498
East Garforth,53.791622,-1.363933
East Kilbride,55.765388,-4.18199
East Malling,51.285748,0.439308
East Midlands Parkway,52.862,-1.263
East Tilbury,51.485065,0.412479
East Worthing,50.822071,-0.354517
Eastbrook,51.437126,-3.207031
Easterhouse,55.860157,-4.107389
Eastham Rake,53.307532,-2.9812
Eastrington,53.75481,-0.786612
Ebbw Vale Parkway,51.7573,-3.1965
Eccles Road,52.470585,0.969656
Eccleston Park,53.430665,-2.780555
Edale,53.36477,-1.817395
Eden Park,51.390762,-0.026587
Edenbridge Station,51.208508,0.060099
Edenbridge Town,51.200287,0.06689
Edge Hill,53.402663,-2.946986
Edinburgh Park,55.927615,-3.307829
Edmonton Green,51.623802,-0.059665
Eggesford,50.887848,-3.875235
Egham,51.428925,-0.545701
Egton,54.437679,-0.761896
Elephant & Castle,51.494469,-0.098462
Ellesmere Port,53.282097,-2.895403
Elmers End,51.398335,-0.049263
Elmstead Woods,51.417435,0.043594
Elmswell,52.238201,0.911625
Elsecar,53.498924,-1.428617
Elstree & Borehamwood,51.652836,-0.279779
Eltham,51.455101,0.0496
Elton & Orston,52.951843,-0.855362
Emerson Park,51.56889,0.220658
Emsworth,50.851326,-0.938784
Energlyn & Churchill Park,51.5838,-3.2287
Enfield Chase,51.652607,-0.090404
Enfield Lock,51.671379,-0.028875
Entwistle,53.655591,-2.413983
Epsom Downs,51.321365,-0.243411
Erdington,52.528435,-1.839297
Eridge,51.089024,0.200452
Erith,51.481621,0.174651
Esher,51.379642,-0.354714
Essex Road,51.540302,-0.096552
Etchingham,51.010479,0.441935
Euxton Balshaw Lane,53.670071,-2.675045
Ewell East,51.345612,-0.24106
Ewell West,51.349445,-0.256711
Exeter St Thomas,50.716529,-3.538759
Exhibition Centre,55.860619,-4.283207
Eynsford,51.362377,0.203465
Fairfield,53.471215,-2.14581
Fairlie,55.752514,-4.853834
Fairwater,51.491714,-3.232963
Falconwood,51.459087,0.078571
Falls of Cruachan,56.386242,-5.114992
Falmer,50.862064,-0.087364
Falmouth Docks,50.15075,-5.0559
Falmouth Town,50.148392,-5.065443
Farncombe,51.197639,-0.604522
Farningham Road,51.401337,0.235533
Farringdon,51.520071,-0.104665
Fauldhouse,55.822163,-3.719006
Faygate,51.095943,-0.263403
Fazakerley,53.469063,-2.936729
Fearn,57.777828,-3.994245
Featherstone,53.679253,-1.359562
Fellgate,54.957,-1.4878
Feltham,51.447845,-0.40983
Fenny Stratford,52.000103,-0.716636
Fernhill,51.685932,-3.394469
Ferriby,53.716625,-0.508878
Ferryside,51.76833,-4.36952
Ffairfach,51.87244,-3.992916
Filton Abbey Wood,51.509438,-2.561933
Finchley Road & Frognal,51.550198,-0.183324
Finstock,51.85305,-1.47003
Fishbourne (Sussex),50.839352,-0.815495
Fishersgate,50.834469,-0.219161
Fishguard & Goodwick,52.0035,-4.9948
Fiskerton,53.060253,-0.912181
Fitzwilliam,53.632587,-1.375391
Five Ways,52.470078,-1.913116
Flimby,54.689815,-3.520544
Flitwick,52.003457,-0.4952
Flixton,53.443746,-2.383878
Flowery Field,53.461737,-2.080965
Folkestone West,51.085163,1.154209
Ford,50.829506,-0.578611
Forest Gate,51.549976,0.023568
Forest Hill,51.438869,-0.053297
Formby,53.553796,-3.070706
Forsinard,58.356998,-3.896903
Fort Matilda,55.958809,-4.7953
Four Oaks,52.579662,-1.8273
Foxfield,54.259041,-3.215796
Foxton,52.119526,0.056572
Frant,51.104321,0.294034
Freshfield,53.566494,-3.072014
Freshford,51.342251,-2.30146
Frimley,51.311653,-0.747426
Frinton-On-Sea,51.838314,1.242907
Frizinghall,53.820957,-1.769072
Frodsham,53.295853,-2.723145
Frome,51.227131,-2.309302
Fulwell,51.433525,-0.349893
Furness Vale,53.348385,-1.989445
Furze Platt,51.533082,-0.728467
Gainsborough Central,53.399574,-0.769674
Garforth Station,53.796211,-1.382083
Gargrave,53.97842,-2.105171
Garrowhill,55.855286,-4.129497
Garscadden,55.88784,-4.364757
Garsdale,54.32135,-2.325891
Garston (Hertfordshire),51.686685,-0.381689
Garswood,53.488518,-2.672149
Gartcosh,55.885,-4.078
Garth,52.133816,-3.531142
Garth (Mid Glamorgan),51.596413,-3.641504
Gathurst,53.559399,-2.694418
Gatley,53.394001,-2.230052
Georgemas Junction,58.513721,-3.45212
Gerrards Cross,51.588883,-0.555367
Gidea Park,51.581772,0.205411
Giffnock,55.804688,-4.294289
Giggleswick,54.061775,-2.302644
Gilberdyke,53.747955,-0.732223
Gilfach Fargoed,51.684208,-3.226604
Gilshochill,55.897295,-4.28201
Gipsy Hill,51.424984,-0.084096
Glaisdale,54.439796,-0.794221
Glan Conwy,53.266644,-3.796892
Glasshoughton,53.70884,-1.34247
Glazebrook,53.428076,-2.461152
Glengarnock,55.738579,-4.674364
Glenrothes With Thornton,56.162224,-3.143189
Glossop,53.444503,-1.949403
Glynde,50.859398,0.06883
Gobowen,52.893501,-3.036019
Godley,53.448151,-2.049649
Godstone,51.217606,-0.051188
Goldthorpe,53.533379,-1.313488
Golf Street,56.497852,-2.719541
Golspie,57.971092,-3.98806
Gomshall,51.218964,-0.442065
Goodmayes,51.565502,0.112277
Goostrey,53.222634,-2.32628
Gordon Hill,51.66346,-0.094289
Goring & Streatley,51.521428,-1.133051
Goring-By-Sea,50.817753,-0.432751
Gorton,53.468712,-2.167182
Gospel Oak,51.555546,-0.150737
Gourock,55.962788,-4.818021
Gowerton,51.648701,-4.035124
Goxhill,53.676613,-0.337699
Grange Park,51.642811,-0.096599
Grangetown,51.466984,-3.189097
Grateley,51.170269,-1.619497
Gravelly Hill,52.514969,-1.852612
Grays,51.476089,0.322719
Great Ayton,54.4902,-1.113845
Great Bentley,51.85207,1.065258
Great Coates,53.575542,-0.128701
Great Missenden,51.703304,-0.709132
Green Lane,53.38271,-3.016281
Green Road,54.244748,-3.245602
Greenbank,53.251664,-2.533185
Greenfaulds,55.932064,-3.999232
Greenfield,53.538835,-2.014189
Greenford Station,51.54235,-0.3463
Greenhithe for Bluewater,51.450855,0.279694
Greenock Central,55.945385,-4.752692
Greenock West,55.94772,-4.768866
Gretna Green,55.001934,-3.064608
Grimsby Docks,53.574699,-0.075873
Grindleford,53.30555,-1.62629
Grosmont,54.436394,-0.724937
Grove Park,51.430389,0.022597
Guide Bridge,53.474171,-2.112961
Guiseley,53.875668,-1.715537
Gunnersbury,51.491814,-0.275766
Gunton,52.866077,1.348821
Gwersyllt,53.072559,-3.017913
Gypsy Lane,54.532902,-1.179375
Hackbridge,51.378437,-0.15358
Hackney Central,51.546825,-0.055896
Hackney Wick,51.543625,-0.025759
Haddenham & Thame Parkway,51.770788,-0.942121
Haddiscoe,52.528835,1.622451
Hadfield,53.460873,-1.965429
Hadley Wood,51.668365,-0.176519
Hag Fold,53.533442,-2.493744
Haggerston,51.53912,-0.07642
Hagley,52.422375,-2.147018
Hairmyres,55.762012,-4.220047
Hale,53.378669,-2.347383
Halesworth,52.346157,1.506141
Halewood,53.364466,-2.830149
Hall Green,52.436745,-1.845513
Hall i’ th’ Wood,53.597546,-2.413986
Hall Road,53.497442,-3.049607
Halling,51.352169,0.445711
Haltwhistle,54.967972,-2.462321
Ham Street,51.067684,0.854653
Hamble,50.871311,-1.329173
Hamilton Central,55.773239,-4.038928
Hamilton West,55.779232,-4.056781
Hammerton,53.996105,-1.283026
Hampden Park,50.796124,0.278906
Hampstead Heath,51.555779,-0.165159
Hampton,51.41607,-0.37199
Hampton Court,51.401947,-0.342412
Hampton Wick,51.41412,-0.313201
Hampton-In-Arden,52.428375,-1.699934
Hamstead,52.530718,-1.92838
Hanborough,51.825172,-1.373471
Handforth,53.34639,-2.213263
Hanwell,51.511604,-0.338432
Hapton,53.781393,-2.318115
Harlesden,51.536518,-0.258214
Harling Road,52.454128,0.908188
Harlington,51.962012,-0.495715
Harlow Mill,51.790878,0.131497
Harlow Town,51.781639,0.094804
Harold Wood,51.592907,0.234819
Harpenden,51.814831,-0.351961
Harrietsham,51.244652,0.673574
Harringay Green Lanes,51.577336,-0.098104
Harringay Station,51.577305,-0.105115
Harrington,54.613551,-3.565573
Harrow-On-The-Hill,51.57931,-0.336628
Hartlebury,52.335049,-2.22158
Hartwood,55.810532,-3.839792
Harwich Town,51.944157,1.285469
Hassocks,50.923264,-0.146043
Hatch End,51.610054,-0.369499
Hatfield,51.763397,-0.216162
Hatfield & Stainforth,53.589532,-1.020931
Hatfield Peverel,51.779785,0.593463
Hathersage,53.325405,-1.651641
Hattersley,53.445126,-2.040324
Hatton,52.295242,-1.672982
Havenhouse,53.114548,0.272619
Hawarden Bridge,53.218971,-3.031866
Hawarden Station,53.185703,-3.032561
Hawkhead,55.843136,-4.398792
Haydon Bridge,54.974888,-2.246809
Haydons Road,51.425755,-0.189073
Hayes (Kent),51.375744,0.010123
Haywards Heath,51.00536,-0.105717
Hazel Grove,53.377415,-2.122121
Headcorn,51.165657,0.627507
Headingley,53.817787,-1.59289
Headstone Lane,51.60268,-0.356766
Heald Green,53.369248,-2.236533
Healing,53.581425,-0.160163
Heath High Level,51.516518,-3.181737
Heath Low Level,51.515606,-3.183163
Heathrow Terminal 4 Bus,51.459275,-0.44662
Heathrow Terminal 4 Rail,51.458214,-0.445447
Heathrow Terminal 5 Rail,51.47,-0.48
Heaton Chapel,53.425556,-2.179046
Heaton Park Metrolink,53.52966,-2.26698
Hebden Bridge,53.737587,-2.009063
Heckington,52.977463,-0.29316
Hedge End,50.927773,-1.297056
Hednesford,52.709922,-2.00199
Heighington,54.596977,-1.582071
Helensburgh Central,56.004261,-4.732803
Helmsdale,58.117737,-3.660068
Helsby,53.275784,-2.770786
Hemel Hempstead,51.742062,-0.490762
Hendon,51.580057,-0.238652
Hengoed,51.647362,-3.224162
Henley-In-Arden,52.291,-1.784444
Hensall,53.698357,-1.113905
Herne Hill,51.453148,-0.101624
Hersham,51.377419,-0.389271
Hertford East,51.799793,-0.072591
Hertford North,51.798328,-0.092961
Hessle,53.717567,-0.442169
Heswall,53.32917,-3.073568
Hever,51.180912,0.094648
Heworth,54.951862,-1.554976
Hexham,54.974201,-2.095266
Heyford,51.91902,-1.299262
High Brooms,51.149609,0.277686
High Street,55.858719,-4.239953
Higham,51.426376,0.466931
Highams Park,51.608837,0.000183
Highbury & Islington,51.54668,-0.10206
Hightown,53.525272,-3.057407
Hillfoot,55.920143,-4.32032
Hillington East,55.854778,-4.354768
Hillington West,55.85537,-4.370778
Hillside,53.62217,-3.024673
Hilsea,50.828075,-1.058592
Hinchley Wood,51.374939,-0.340508
Hinton Admiral,50.752384,-1.713616
Hither Green,51.452374,-0.000906
Hockley,51.603825,0.659971
Hollingbourne,51.265484,0.627465
Holmes Chapel,53.199131,-2.351063
Holmwood,51.180428,-0.321752
Holton Heath,50.711346,-2.077863
Holytown,55.812943,-3.973967
Homerton,51.546535,-0.038601
Honley,53.608849,-1.780814
Honor Oak Park,51.450428,-0.045607
Hook,51.279587,-0.961933
Hooton,53.296741,-2.976721
Hope (Clwyd),53.117344,-3.03691
Hope (Derbyshire),53.346283,-1.729587
Hopton Heath,52.391964,-2.912536
Horley,51.168137,-0.161994
Hornbeam Park,53.980236,-1.527272
Hornsey,51.586414,-0.111961
Horsforth,53.847576,-1.630612
Horsley,51.279114,-0.434304
Horton in Ribblesdale,54.149379,-2.302054
Horwich Parkway,53.579948,-2.543712
Hoscar,53.597366,-2.803828
Hough Green,53.372378,-2.775056
Hounslow,51.462471,-0.361808
Hoveton & Wroxham,52.715084,1.408312
How Wood,51.717697,-0.344594
Howden,53.764526,-0.86068
Howwood,55.811,-4.56
Hoxton,51.53193,-0.07672
Hoylake,53.390202,-3.178861
Hubberts Bridge,52.975594,-0.110044
Hucknall,53.038265,-1.195793
Humphrey Park,53.452321,-2.327363
Huncoat,53.772144,-2.345903
Hungerford,51.415344,-1.511056
Hunmanby,54.17429,-0.314737
Hurst Green,51.244545,0.004397
Hutton Cranswick,53.955669,-0.43331
Huyton,53.409813,-2.842991
Hyde Central,53.451682,-2.085149
Hyde North,53.464306,-2.085829
Hykeham,53.194546,-0.600412
Hyndland,55.879803,-4.314715
Hythe,51.885281,0.926539
I.B.M.,55.929253,-4.830003
Ifield,51.115902,-0.215505
Ilford,51.559078,0.068699
Ilkley,53.925304,-1.821799
Imperial Wharf,51.475134,-0.183026
Ince,53.538975,-2.611865
Ince & Elton,53.276736,-2.816234
Ingatestone,51.667301,0.384556
Invergordon,57.688587,-4.175563
Invergowrie,56.456795,-3.057897
Inverkip,55.905781,-4.873089
Invershin,57.925362,-4.399288
Irlam,53.434172,-2.432989
Irvine,55.610916,-4.675196
Isleworth,51.474709,-0.33689
Islip,51.82571,-1.238185
Iver,51.508342,-0.506659
Ivybridge,50.393515,-3.904954
James Street,53.404748,-2.991993
Jewellery Quarter,52.489514,-1.913522
Johnston,51.756714,-4.996407
Jordanhill,55.882282,-4.326053
Kearsney,51.149399,1.271566
Keith,57.550976,-2.954062
Kelvedon,51.841202,0.701529
Kelvindale,55.8933,-4.3106
Kempston Hardwick,52.092026,-0.505266
Kempton Park,51.421757,-0.40929
Kemsing,51.297684,0.247716
Kemsley,51.361996,0.733559
Kendal,54.332108,-2.739667
Kenley,51.324547,-0.101199
Kennett,52.277523,0.490482
Kennishead,55.813099,-4.325119
Kensal Green,51.530602,-0.223847
Kensal Rise,51.534157,-0.220811
Kent House,51.412659,-0.045786
Kentish Town Station,51.550338,-0.140446
Kentish Town West,51.546501,-0.146778
Kenton Station,51.581436,-0.317123
Kew Bridge,51.489311,-0.288827
Kew Gardens,51.477558,-0.284949
Keyham,50.389687,-4.179095
Keynsham,51.417122,-2.49465
Kidbrooke,51.462662,0.028331
Kidderminster,52.384457,-2.239458
Kidsgrove,53.086555,-2.244828
Kidwelly,51.734299,-4.317046
Kilburn High Road,51.537312,-0.19186
Kildale,54.477268,-1.067829
Kildonan,58.171432,-3.869993
Kilgetty,51.732071,-4.715219
Kilmaurs,55.636425,-4.532331
Kilpatrick,55.924755,-4.453454
Kinbrace,58.258408,-3.941063
Kinghorn,56.069389,-3.174161
Kings Langley,51.70631,-0.438411
Kings Norton,52.413456,-1.933801
Kings Nympton,50.935921,-3.905634
Kings Park,55.819935,-4.247294
Kingsknowe,55.919323,-3.265634
Kingston,51.412155,-0.301768
Kingswood,51.294807,-0.211439
Kintbury,51.40247,-1.445059
Kirby Cross,51.840897,1.214045
Kirk Sandall,53.56347,-1.075006
Kirkby,53.486619,-2.902021
Kirkby in Ashfield,53.099758,-1.253278
Kirkby Stephen,54.455135,-2.368603
Kirkby-In-Furness,54.232426,-3.187398
Kirkdale,53.440896,-2.981093
Kirkhill,55.814156,-4.168751
Kirknewton,55.888744,-3.432526
Kirkwood,55.85577,-4.048037
Kirton Lindsey,53.484829,-0.593886
Kiveton Bridge,53.340729,-1.265524
Kiveton Park,53.336975,-1.240052
Knaresborough,54.008755,-1.470482
Knebworth,51.86636,-0.187406
Knighton,52.345043,-3.042232
Knockholt,51.34573,0.130865
Knottingley,53.706528,-1.259172
Knucklas,52.359833,-3.096907
Knutsford,53.301956,-2.372101
Ladybank,56.273834,-3.122284
Ladywell,51.456291,-0.019445
Laindon,51.567566,0.424063
Lairg,58.001701,-4.401
Lake,50.64814,-1.16686
Lakenheath,52.447456,0.533911
Lamphey,51.667145,-4.873332
Lanark,55.673119,-3.772901
Lancing,50.827015,-0.323103
Landywood,52.657101,-2.020659
Langbank,55.924725,-4.586326
Langho,53.804934,-2.447934
Langley,51.508011,-0.541747
Langley Green,52.494385,-2.005857
Langside,55.821175,-4.277696
Langwathby,54.694744,-2.662457
Langwith - Whaley Thorns,53.232885,-1.208882
Lapford,50.857384,-3.811489
Lapworth,52.341232,-1.72549
Larbert,56.022751,-3.830604
Largs,55.792637,-4.867942
Larkhall,55.739258,-3.974445
Laurencekirk,56.835945,-2.466345
Lawrence Hill,51.458168,-2.564183
Layton,53.835625,-3.030249
Lazonby & Kirkoswald,54.750233,-2.702207
Lea Green,53.42709,-2.72386
Lea Hall,52.480709,-1.786457
Leagrave,51.905304,-0.459139
Lealholm,54.459885,-0.826027
Leasowe,53.408035,-3.099624
Leatherhead,51.298397,-0.333225
Lee,51.449432,0.013364
Leigh (Kent),51.194057,0.211179
Leigh-On-Sea,51.541309,0.640454
Leighton Buzzard,51.916046,-0.676874
Lelant Saltings,50.17923,-5.441468
Lelant Station,50.183887,-5.436207
Lenham,51.233986,0.707337
Lenzie,55.921364,-4.153932
Letchworth Garden City,51.980305,-0.229403
Levenshulme,53.444405,-2.192676
Leyton Midland Road,51.569393,-0.007313
Leytonstone High Road,51.563725,0.008304
Lichfield City,52.680347,-1.825431
Lichfield Trent Valley,52.6869,-1.800014
Lidlington,52.041385,-0.558972
Limehouse,51.51239,-0.040071
Lingfield,51.176392,-0.007151
Lingwood,52.621872,1.489735
Lisvane & Thornhill,51.544357,-3.185344
Little Kimble,51.752014,-0.809152
Little Sutton,53.285537,-2.943134
Littleborough,53.642988,-2.094698
Littlehaven,51.079514,-0.308276
Liverpool South Parkway,53.3577,-2.8897
Livingston North,55.901736,-3.543357
Livingston South,55.871712,-3.503823
Llanaber,52.741375,-4.078263
Llanbedr,52.820835,-4.110252
Llanbister Road,52.336231,-3.212283
Llanbradach,51.60321,-3.233085
Llandaf,51.507942,-3.229076
Llandanwg,52.835865,-4.124342
Llandecwyn,52.920666,-4.057092
Llandeilo,51.885117,-3.987662
Llandovery,51.99509,-3.803163
Llandybie,51.820099,-4.003658
Llanfairpwll,53.22094,-4.209263
Llangadog,51.940639,-3.892638
Llangammarch,52.113724,-3.55528
Llangennech,51.691093,-4.078988
Llangynllo,52.350227,-3.161273
Llanharan,51.53759,-3.4408
Llanhilleth,51.700339,-3.137033
Llanishen,51.533592,-3.182181
Llanrwst,53.14401,-3.802844
Llansamlet,51.660973,-3.892526
Llantwit Major,51.40623,-3.47503
Llanwrda,51.962551,-3.871719
Llanwrtyd,52.104584,-3.632354
Llwyngwril,52.66658,-4.088024
Llwynypia,51.633957,-3.453557
Loch Eil Outward Bound,56.855343,-5.191638
Lochailort,56.881035,-5.663456
Locheilside,56.855473,-5.290086
Lochgelly,56.13538,-3.312958
Lochluichart,57.621277,-4.809628
Lochwinnoch,55.786549,-4.617038
Lockwood,53.635849,-1.800335
London Bridge,51.505035,-0.085058
London Cannon Street,51.510525,-0.090589
London Fields,51.541454,-0.057574
London Road (Brighton),50.836773,-0.136696
London Road (Guildford),51.24067,-0.56506
London Waterloo (East),51.504513,-0.10814
Long Buckby,52.293964,-1.086469
Long Preston,54.017115,-2.254533
Longbeck,54.592896,-1.028041
Longbridge,52.396385,-1.980861
Longcross,51.384556,-0.594536
Longfield,51.396496,0.299994
Longniddry,55.976524,-2.889308
Longport,53.041656,-2.21623
Longton,52.990013,-2.137216
Looe,50.359234,-4.456029
Lostock,53.572969,-2.494276
Lostock Gralam,53.267677,-2.465197
Lostock Hall,53.724316,-2.687069
Loughborough Junction,51.46666,-0.102499
Lowdham,53.007072,-0.998465
Lower Sydenham,51.425056,-0.033746
Lowestoft,52.473618,1.749009
Luton Airport Parkway,51.871159,-0.393485
Luxulyan,50.390244,-4.747551
Lydney,51.714584,-2.531189
Lye,52.459267,-2.116233
Lympstone Commando,50.661121,-3.438876
Lympstone Village,50.648621,-3.431419
Lytham,53.739101,-2.964206
Maesteg (Ewenny Road),51.605297,-3.649038
Maesteg Station,51.610607,-3.655003
Maghull,53.506464,-2.930828
Maiden Newton,50.780128,-2.568749
Maidstone Barracks,51.277288,0.514148
Maidstone West,51.270943,0.515975
Malden Manor,51.384579,-0.261118
Manea,52.497692,0.178779
Manor Park,51.552296,0.045309
Manor Road,53.394772,-3.171468
Manorbier,51.660114,-4.7919
Manors,54.972698,-1.606296
Mansfield Station,53.142232,-1.198192
Mansfield Woodhouse,53.1636,-1.201651
Marden,51.175785,0.49359
Marple,53.400763,-2.057168
Marsden,53.602737,-1.93197
Marske,54.587433,-1.018892
Marston Green,52.467159,-1.755616
Martin Mill,51.170593,1.348907
Martins Heron,51.406689,-0.720386
Marton,54.543808,-1.197708
Maryhill,55.898026,-4.301396
Maryland,51.545784,0.006075
Maryport,54.711597,-3.494738
Matlock Bath,53.121941,-1.55766
Matlock Station,53.138126,-1.558988
Mauldeth Road,53.432984,-2.209325
Maxwell Park,55.837124,-4.289813
Maze Hill,51.482883,0.003311
Meadowhall,53.417046,-1.411669
Meldreth,52.090687,0.00853
Melksham,51.379803,-2.14449
Melton,52.103683,1.338085
Menston,53.891895,-1.735205
Meols,53.399356,-3.15431
Meols Cop,53.645519,-2.975696
Meopham,51.386368,0.356977
Merryton,55.749013,-3.978667
Merstham,51.264164,-0.149555
Merthyr Tydfil,51.745476,-3.377458
Merthyr Vale,51.686607,-3.336622
Metheringham,53.138866,-0.391421
Metrocentre,54.958492,-1.662656
Micheldever,51.182034,-1.260283
Micklefield,53.788715,-1.324507
Middlewood,53.359142,-2.084111
Midgham,51.395805,-1.177683
Milford (Surrey),51.163849,-0.63701
Mill Hill (Lancashire),53.735433,-2.501433
Mill Hill Broadway,51.612823,-0.249522
Millbrook (Bedfordshire),52.053822,-0.532724
Millbrook (Hants),50.911434,-1.433848
Milliken Park,55.825157,-4.533405
Millom,54.210831,-3.271108
Mills Hill,53.551393,-2.171484
Milngavie,55.94091,-4.315152
Minster,51.329807,1.317431
Mirfield,53.671577,-1.692696
Mistley,51.943417,1.080205
Mitcham Eastfields,51.407725,-0.154764
Mitcham Junction,51.392887,-0.157308
Mobberley,53.329941,-2.333309
Monifieth,56.480167,-2.818249
Monks Risborough,51.735134,-0.829882
Montpelier,51.468205,-2.588525
Moorfields,53.408534,-2.989182
Moorgate,51.5186,-0.09027
Moorside,53.516354,-2.35146
Moorthorpe,53.594452,-1.304952
Morar,56.969788,-5.821991
Morchard Road,50.831841,-3.776424
Morden South,51.396248,-0.200299
Morecambe,54.070322,-2.869379
Moreton (Merseyside),53.407917,-3.113156
Morfa Mawddach,52.7071,-4.032224
Morley,53.75037,-1.592033
Mortimer,51.371941,-1.035979
Mortlake,51.468288,-0.266575
Moss Side,53.764431,-2.943548
Mossley (Grtr Manchester),53.514963,-2.041263
Mossley Hill,53.379025,-2.915464
Mosspark,55.838947,-4.336232
Moston,53.52264,-2.171925
Motspur Park,51.395042,-0.23916
Mottingham,51.439804,0.050353
Mottisfont & Dunbridge,51.033987,-1.546942
Mouldsworth,53.231976,-2.732546
Moulsecoomb,50.844616,-0.12076
Mount Florida,55.826859,-4.262067
Mount Vernon,55.839882,-4.136638
Mountain Ash,51.683422,-3.378478
Muir of Ord,57.518017,-4.460981
Muirend,55.810459,-4.273888
Musselburgh,55.930225,-3.062719
Mytholmroyd,53.729496,-1.981773
Nafferton,54.011684,-0.386948
Nantwich,53.063533,-2.518868
Narberth,51.800156,-4.726567
Navigation Road,53.395412,-2.3435
Needham Market,52.156437,1.051047
Neilston,55.782364,-4.426945
Neston,53.292419,-3.063769
Netherfield,52.960972,-1.078427
Nethertown,54.456699,-3.566201
Netley,50.874977,-1.341913
New Barnet,51.648521,-0.172972
New Beckenham,51.416988,-0.035525
New Brighton,53.43726,-3.049191
New Clee,53.574455,-0.060771
New Cross Gate,51.475544,-0.041655
New Cross Station,51.476299,-0.032984
New Cumnock,55.402271,-4.182457
New Eltham,51.437649,0.0704
New Holland,53.702106,-0.360936
New Hythe,51.312401,0.455075
New Lane,53.611298,-2.86758
New Malden,51.403393,-0.256084
New Mills Newtown,53.359169,-2.00898
New Southgate,51.613876,-0.142586
Newark Castle,53.079987,-0.813151
Newbridge,51.665686,-3.142116
Newbury Racecourse,51.39814,-1.308549
Newcraighall,55.932619,-3.091582
Newington,51.353733,0.66269
Newmarket,52.237904,0.406249
Newstead,53.069961,-1.222036
Newton,55.819256,-4.133907
Newton Aycliffe,54.613171,-1.5881
Newton for Hyde,53.45623,-2.067735
Newton St Cyres,50.77879,-3.588594
Newton-On-Ayr,55.473541,-4.62632
Ninian Park,51.475861,-3.200846
Nitshill,55.811531,-4.360126
Norbiton,51.411907,-0.284525
Norbury,51.411236,-0.123492
Normans Bay,50.825382,0.389669
Normanton,53.700249,-1.424378
North Berwick,56.057545,-2.728989
North Camp,51.275517,-0.731195
North Dulwich,51.454712,-0.087163
North Fambridge,51.64859,0.681703
North Llanrwst,53.141348,-3.792723
North Queensferry,56.013168,-3.395426
North Road,54.536667,-1.554856
North Sheen,51.464977,-0.285423
North Walsham,52.817383,1.385142
North Wembley,51.562355,-0.303394
Northfield,52.408073,-1.96469
Northfleet - Cooper Arms,51.446384,0.324092
Northolt Park,51.557762,-0.359827
Northumberland Park,51.601643,-0.053558
Northwich,53.261414,-2.496815
Norton Bridge,52.865513,-2.190102
Norwood Junction,51.396965,-0.075201
Nunhead,51.466747,-0.053546
Nunthorpe,54.528347,-1.170195
Nutbourne,50.846313,-0.883508
Nutfield,51.22702,-0.132425
Oakengates,52.693104,-2.451245
Oakleigh Park,51.637627,-0.166189
Ockendon,51.521687,0.290439
Ockley,51.150955,-0.335692
Okehampton,50.731679,-3.988267
Old Hill,52.470993,-2.055913
Old Roan,53.486871,-2.951095
Old Street,51.525776,-0.088515
Old Trafford Metrolink,53.45591,-2.28609
Oldfield Park,51.37978,-2.380742
Olton,52.43848,-1.804313
Ore,50.866959,0.590783
Ormskirk,53.569014,-2.881615
Orrell,53.530548,-2.709028
Orrell Park,53.461991,-2.962908
Otford,51.312141,0.196757
Oulton Broad North,52.478226,1.716998
Oulton Broad South,52.469528,1.707425
Outwood,53.714115,-1.512068
Overpool,53.284155,-2.924788
Overton,51.253971,-1.25913
Oxshott,51.336578,-0.361993
Paddock Wood,51.182453,0.389485
Padgate,53.405514,-2.556521
Paisley Canal,55.840878,-4.422606
Paisley St James,55.852165,-4.442486
Palmers Green,51.618736,-0.109164
Pangbourne,51.485231,-1.090522
Pannal,53.958687,-1.533605
Pantyffynnon,51.778835,-3.997481
Parbold,53.590856,-2.770679
Park Street,51.725651,-0.340727
Parson Street,51.432758,-2.60991
Partick,55.869987,-4.310921
Parton,54.569795,-3.580867
Patchway,51.52578,-2.562647
Patterton,55.790443,-4.334935
Peartree,52.89684,-1.473198
Peckham Rye,51.470585,-0.067782
Pegswood,55.178616,-1.64509
Pemberton,53.530427,-2.670225
Pembrey & Burry Port,51.683487,-4.247899
Pembroke Station,51.673546,-4.905563
Pen-Y-Bont,52.273914,-3.321972
Penally,51.65905,-4.72243
Penarth,51.435669,-3.173908
Pencoed,51.524567,-3.50053
Pengam,51.670681,-3.230578
Penge East,51.419125,-0.055566
Penge West,51.417419,-0.061402
Penhelig,52.545212,-4.035051
Penistone,53.525757,-1.62134
Penkridge,52.723611,-2.119447
Penmere,50.149736,-5.083108
Penrhiwceiber,51.671906,-3.363662
Penryn,50.170206,-5.110885
Pensarn,52.830692,-4.112216
Penshurst,51.197449,0.174125
Pentre-Bach,51.724976,-3.362362
Penyffordd,53.143253,-3.055472
Perranwell,50.216431,-5.111868
Perry Barr,52.516361,-1.90196
Petts Wood,51.388996,0.075393
Pevensey & Westham,50.815899,0.325291
Pevensey Bay,50.818249,0.342453
Pilning,51.556502,-2.627192
Pitsea,51.560387,0.508806
Pleasington,53.730961,-2.544142
Plockton,57.333172,-5.666848
Pluckley,51.156578,0.748571
Plumley,53.274809,-2.419615
Plumpton,50.929066,-0.060435
Plumstead,51.48959,0.082828
Pokesdown,50.731022,-1.82568
Polegate,50.820934,0.251705
Polesworth,52.625893,-1.60995
Pollokshaws East,55.824589,-4.287476
Pollokshaws West,55.824318,-4.301826
Pollokshields East,55.841103,-4.269287
Pollokshields West,55.83736,-4.277043
Polsloe Bridge,50.731274,-3.501785
Ponders End,51.642693,-0.034453
Pont-Y-Pant,53.065033,-3.862462
Pontarddulais,51.716866,-4.045417
Pontefract Monkhill,53.698711,-1.304749
Pontefract Tanshelf,53.694313,-1.319964
Pontlottyn,51.74659,-3.278995
Pontyclun,51.524113,-3.390959
Pontypridd,51.599312,-3.342715
Poppleton,53.976345,-1.147657
Port Glasgow,55.9342,-4.689432
Port Sunlight,53.349123,-2.998248
Portchester,50.848389,-1.126361
Porth,51.61203,-3.408079
Portslade,50.836044,-0.204898
Portsmouth Arms,50.956768,-3.950633
Possilpark & Parkhouse,55.890717,-4.259381
Potters Bar,51.697392,-0.192715
Poynton,53.350398,-2.13448
Prees,52.89962,-2.689765
Prescot,53.423535,-2.799022
Prestbury,53.293465,-2.14549
Preston Park,50.846054,-0.154787
Prestonpans,55.953426,-2.973665
Prestwich Metrolink,53.53322,-2.28209
Prestwick International Airport,55.511513,-4.616166
Priesthill & Darnley,55.812737,-4.344246
Prittlewell,51.550476,0.71167
Prudhoe,54.966072,-1.864077
Pulborough,50.957355,-0.517751
Purfleet,51.481358,0.236575
Purley Oaks,51.346989,-0.098843
Purley Station,51.337334,-0.113592
Putney,51.46125,-0.216463
Pye Corner,51.579513,-3.038295
Pyle,51.527199,-3.702439
Quakers Yard,51.660686,-3.322844
Queenborough,51.416473,0.749756
Queens Park Glasgow,55.835747,-4.267368
Queens Park London,51.533916,-0.204966
Queens Road Peckham,51.47401,-0.057553
Queens Road Metrolink,53.50816,-2.23367
Queenstown Road (Battersea),51.474552,-0.146819
Quintrell Downs,50.403908,-5.029838
Radcliffe (Notts),52.948906,-1.031059
Radcliffe Metrolink,53.56188,-2.32153
Radlett,51.68486,-0.317626
Radley,51.685588,-1.240398
Radyr,51.515831,-3.248028
Rainford,53.51694,-2.789454
Rainham (Essex),51.517449,0.190716
Rainham (Kent),51.36657,0.611698
Rainhill,53.417129,-2.766398
Ramsgreave & Wilpshire,53.787868,-2.47657
Rauceby,52.985081,-0.455247
Ravenglass for Eskdale,54.355804,-3.409456
Ravensbourne,51.413803,-0.0069
Ravensthorpe,53.675964,-1.653298
Rawcliffe,53.688141,-0.961174
Rayleigh,51.589851,0.601393
Raynes Park,51.409294,-0.22998
Reading West,51.455077,-0.990143
Rectory Road,51.55872,-0.068379
Redbridge,50.919697,-1.470737
Redcar Central,54.615692,-1.069318
Redcar East,54.609257,-1.05088
Reddish North,53.448956,-2.15656
Reddish South,53.435873,-2.159028
Redditch,52.306337,-1.945248
Redland,51.468792,-2.598875
Reedham (London),51.332108,-0.123854
Reedham (Norfolk),52.564045,1.558941
Reigate,51.241623,-0.203474
Renton,55.970566,-4.586181
Rhiwbina,51.520687,-3.213561
Rhoose Cardiff Airport,51.387454,-3.347599
Rhosneigr,53.234782,-4.505768
Rhymney,51.759064,-3.289494
Ribblehead,54.205776,-2.36087
Rice Lane,53.457738,-2.962253
Rickmansworth,51.640447,-0.473013
Riddlesdown,51.332611,-0.099436
Ridgmont,52.026588,-0.594903
Riding Mill,54.949066,-1.97186
Risca & Pontymister,51.60443,-3.093533
Robertsbridge,50.984726,0.469092
Roby,53.410034,-2.855956
Rochdale,53.610293,-2.153444
Roche,50.418911,-4.830658
Rochford,51.581276,0.701959
Rock Ferry,53.372269,-3.010898
Rogart,57.988979,-4.158224
Rogerstone,51.593413,-3.065478
Rolleston,53.065536,-0.900095
Roman Bridge,53.044319,-3.92125
Romiley,53.414026,-2.089307
Rose Grove,53.786686,-2.282282
Rose Hill Marple,53.396176,-2.076502
Rosyth,56.046055,-3.427114
Rotherhithe,51.50098,-0.05353
Roughton Road,52.917828,1.299239
Rowlands Castle,50.892864,-0.957748
Rowley Regis,52.477299,-2.030885
Roydon,51.775494,0.035088
Ruabon,52.986935,-3.044214
Rufford,53.634817,-2.806792
Rugeley Town,52.754672,-1.936963
Rugeley Trent Valley,52.769451,-1.930309
Ruskington,53.041615,-0.380127
Ruswarp,54.470367,-0.626664
Rutherglen,55.830448,-4.212766
Ryde Esplanade,50.733517,-1.159676
Ryde Pier Head,50.738914,-1.159578
Ryde St Johns Road,50.72361,-1.157028
Ryder Brow,53.457916,-2.176173
Rye House,51.76881,0.005796
Sale Metrolink,53.42437,-2.31899
Salford Central,53.482913,-2.254686
Salford Crescent,53.486462,-2.275715
Salfords,51.201412,-0.162096
Salhouse,52.675083,1.391886
Saltaire,53.838066,-1.790246
Saltburn,54.583462,-0.974116
Saltcoats,55.633648,-4.784804
Saltmarshe,53.722675,-0.808765
Salwick,53.781536,-2.817973
Sandal & Agbrigg,53.664574,-1.485404
Sandbach,53.150113,-2.393528
Sanderstead,51.348694,-0.093017
Sandhills,53.430021,-2.9915
Sandhurst,51.34642,-0.803911
Sandling,51.09021,1.065995
Sandown,50.657101,-1.162457
Sandplace,50.386684,-4.464549
Sandy,52.124931,-0.28065
Sankey for Penketh,53.392452,-2.651094
Sanquhar,55.370633,-3.923437
Sarn,51.540049,-3.589196
Saundersfoot,51.722084,-4.718965
Sawbridgeworth,51.814625,0.160177
Saxilby,53.267193,-0.664018
Saxmundham,52.215309,1.489965
Scotscalder,58.482891,-3.553764
Scotstounhill,55.884491,-4.351765
Sea Mills,51.480209,-2.649427
Seaburn,54.929558,-1.38667
Seaford,50.772495,0.10045
Seaforth & Litherland,53.466336,-3.005619
Seaham,54.836835,-1.341019
Seascale,54.395351,-3.48476
Seaton Carew,54.657959,-1.200106
Seer Green & Jordans,51.609524,-0.607809
Selhurst,51.392704,-0.089759
Sellafield,54.416571,-3.510293
Selling,51.277817,0.940801
Selly Oak,52.441322,-1.936708
Seven Kings,51.563992,0.096325
Seven Sisters,51.584007,-0.074521
Severn Beach,51.559864,-2.664227
Shadwell,51.51093,-0.05743
Shalford,51.214264,-0.566789
Shanklin,50.633842,-1.179841
Shawford,51.021488,-1.328428
Shawlands,55.828987,-4.292521
Sheerness-On-Sea,51.440559,0.758397
Shenstone,52.638985,-1.844528
Shepherds Bush,51.506,-0.218
Shepherds Well,51.188339,1.229952
Shepley,53.588913,-1.703863
Shepperton,51.397091,-0.447521
Shepreth,52.114567,0.031517
Sherburn-In-Elmet,53.797142,-1.23176
Sheringham,52.94096,1.210195
Shettleston,55.852959,-4.159731
Shieldmuir,55.775532,-3.952944
Shifnal,52.666405,-2.371116
Shildon,54.626816,-1.637515
Shiplake,51.51121,-0.882452
Shippea Hill,52.430218,0.412299
Shipton,51.866131,-1.591864
Shirebrook,53.20369,-1.201995
Shirehampton,51.484216,-2.679162
Shireoaks,53.32481,-1.16821
Shirley,52.403473,-1.845632
Shoreditch High Street,51.523433,-0.075614
Shoreham (Kent),51.332092,0.187665
Shoreham-By-Sea,50.834358,-0.271709
Shortlands,51.405548,0.002798
Shotts,55.818302,-3.80024
Sidcup,51.434361,0.103342
Sileby,52.731595,-1.109979
Silecroft,54.225966,-3.334281
Silkstone Common,53.537239,-1.560883
Silver Street,51.615364,-0.067415
Singer,55.907711,-4.405983
Skewen,51.660789,-3.847692
Slade Green,51.466957,0.189792
Slaithwaite,53.624275,-1.87901
Slateford,55.926731,-3.243476
Sleights,54.46088,-0.66246
Small Heath,52.46283,-1.858673
Smallbrook Junction,50.712822,-1.15721
Smethwick Galton Bridge Low Level,52.501826,-1.980632
Smethwick Rolfe Street,52.49632,-1.969885
Smithy Bridge,53.633266,-2.113394
Snaith,53.693192,-1.027678
Snodland,51.330521,0.448864
Sole Street,51.38327,0.376939
Somerleyton,52.509892,1.653333
South Acton,51.499813,-0.269697
South Bank,54.582375,-1.186112
South Bermondsey,51.487446,-0.054101
South Croydon,51.362194,-0.093903
South Elmsall,53.595234,-1.285286
South Greenford,51.533339,-0.336403
South Gyle,55.936951,-3.298234
South Hampstead,51.541424,-0.178759
South Kenton,51.56963,-0.308894
South Merton,51.40353,-0.205764
South Milford,53.781994,-1.251772
South Ruislip,51.556742,-0.398812
South Tottenham,51.58036,-0.071788
South Wigston,52.582451,-1.132918
South Woodham Ferrers,51.64957,0.606512
Southall,51.505884,-0.378513
Southbourne,50.848343,-0.907601
Southbury,51.648396,-0.052998
Southease,50.831284,0.03066
Southend Airport,51.5687,0.704084
Southend Central,51.536972,0.712305
Southend East,51.539234,0.731196
Southport,53.646597,-3.002229
Southwick,50.832928,-0.236254
Sowerby Bridge,53.707886,-1.90756
Spital,53.339869,-2.993903
Spondon,52.912267,-1.410627
Spooner Row,52.535057,1.086088
Spring Road,52.44392,-1.83666
Springburn,55.881363,-4.230064
Springfield,56.295116,-3.051808
Squires Gate,53.776756,-3.049403
St Andrews Road (Bristol),51.513214,-2.696009
St Annes-On-The-Sea,53.753383,-3.029662
St Bees,54.492465,-3.591263
St Budeaux Ferry Road,50.401241,-4.186661
St Budeaux Victoria Road,50.403008,-4.188144
St Columb Road,50.399002,-4.94085
St Denys,50.921997,-1.3882
St Helens Central,53.453117,-2.730328
St Helier,51.389935,-0.199115
St James Street,51.580612,-0.032804
St James’ Park,50.731094,-3.523202
St Johns,51.468937,-0.023225
St Keyne,50.422714,-4.462204
St Leonards Warrior Square,50.855942,0.560326
St Margarets,51.454689,-0.320352
St Margarets (Herts),51.787773,0.000837
St Mary Cray,51.394714,0.107269
St Michaels,53.375649,-2.952704
St Neots Station,52.231438,-0.247244
St Peters,54.91066,-1.38387
Stallingborough,53.587158,-0.182581
Stamford Hill,51.575035,-0.076343
Stanford-Le-Hope,51.513634,0.422634
Stanlow & Thornton,53.277996,-2.841318
Staplehurst,51.171856,0.55061
Stapleton Road,51.468052,-2.565747
Starbeck,53.999004,-1.501116
Starcross,50.627731,-3.447757
Staveley,54.375629,-2.818961
Stechford,52.485241,-1.810006
Steeton & Silsden,53.900257,-1.946704
Stepps,55.890026,-4.147389
Stevenston,55.633533,-4.749829
Stewartby,52.06974,-0.520596
Stewarton,55.681633,-4.519346
Stocksfield,54.94635,-1.917227
Stocksmoor,53.594349,-1.723478
Stoke Mandeville,51.78772,-0.783575
Stoke Newington,51.565079,-0.07244
Stone,52.90832,-2.154951
Stone Crossing-Horns Cross,51.452053,0.263924
Stonebridge Park,51.543961,-0.275233
Stonegate,51.020184,0.364016
Stoneleigh,51.363701,-0.247546
Stourbridge Junction,52.447563,-2.133857
Stourbridge Town,52.456539,-2.142716
Stratford London,51.542358,-0.004175
Stratford-Upon-Avon Parkway,52.20642,-1.7307
Strathcarron,57.422585,-5.429166
Strawberry Hill,51.439682,-0.339597
Streatham Common,51.418629,-0.136136
Streatham Hill,51.43829,-0.128136
Streatham Station,51.425755,-0.131535
Streethouse,53.676158,-1.399346
Stretford Metrolink,53.44688,-2.3041
Strines,53.374932,-2.033544
Stromeferry,57.352688,-5.550702
Strood,51.396,0.4998
Sturry,51.301018,1.121644
Styal,53.348137,-2.240313
Sudbury & Harrow Road,51.554459,-0.316676
Sudbury Suffolk,52.035591,0.735111
Sugar Loaf,52.082237,-3.686991
Summerston,55.89835,-4.283814
Sunbury,51.418262,-0.416611
Sundridge Park,51.413338,0.020402
Sunningdale,51.391312,-0.633135
Sunnymeads,51.470451,-0.558781
Surrey Quays,51.49279,0.048114
Sutton Coldfield,52.565269,-1.824404
Sutton Common,51.375519,-0.196799
Sutton Parkway,53.122108,-1.236385
Swale,51.390434,0.748194
Swanley,51.392727,0.16755
Swanscombe- George & Dragon,51.449356,0.309854
Swanwick,50.875427,-1.265151
Sway,50.784454,-1.609864
Swaythling,50.941719,-1.376552
Swinderby,53.168732,-0.702985
Swineshead,52.969593,-0.186255
Swinton (Manchester),53.514822,-2.337384
Swinton (South Yorkshire),53.487484,-1.305195
Sydenham Hill,51.433002,-0.079444
Sydenham Station,51.427208,-0.055232
Syon Lane,51.481735,-0.325116
Syston,52.693111,-1.082611
Tackley,51.88118,-1.297202
Tadworth,51.29158,-0.235953
Taffs Well,51.540848,-3.263129
Tain,57.814651,-4.051826
Tal-Y-Cafn,53.228443,-3.818606
Talsarnau,52.904289,-4.068213
Talybont,52.772507,-4.097534
Tame Bridge Parkway,52.551022,-1.974899
Tan-Y-Bwlch,52.994685,-3.937079
Taplow,51.523528,-0.681474
Tattenham Corner,51.308765,-0.242456
Teddington,51.424294,-0.332965
Teesside Airport,54.518147,-1.425305
Teynham,51.333248,0.807944
Thames Ditton,51.388424,-0.340027
Thatcham,51.39384,-1.243048
Thatto Heath,53.436585,-2.759419
The Hawthorns,52.505165,-1.96313
The Lakes,52.359436,-1.845782
Theale,51.433395,-1.074968
Theobalds Grove,51.692162,-0.035216
Thornaby,54.559734,-1.301006
Thorne North,53.616329,-0.972006
Thorne South,53.602707,-0.957227
Thornford,50.911377,-2.57889
Thornliebank,55.810642,-4.312201
Thornton Abbey,53.653942,-0.323458
Thornton Heath,51.399181,-0.100981
Thorntonhall,55.767746,-4.250674
Thorpe Bay,51.537586,0.762828
Thorpe Culvert,53.123108,0.19982
Thorpe-Le-Soken,51.847698,1.162258
Three Bridges,51.116863,-0.161162
Three Oaks,50.900658,0.612558
Thurgarton,53.02924,-0.962157
Thurnscoe,53.545033,-1.308775
Thurston,52.249699,0.808347
Tile Hill,52.394798,-1.594357
Tilehurst,51.471333,-1.029754
Tipton,52.53039,-2.065499
Tir-Phil,51.72086,-3.246424
Todmorden,53.713612,-2.099977
Tolworth,51.37677,-0.280098
Ton Pentre,51.647942,-3.485801
Tondu,51.548492,-3.595064
Tonfanau,52.613789,-4.123919
Tonypandy,51.61961,-3.450216
Tooting,51.419914,-0.16053
Topsham,50.685989,-3.4637
Torre,50.472664,-3.547292
Totton,50.917953,-1.482138
Town Green,53.542807,-2.9045
Trafford Park,53.454899,-2.310836
Trefforest Estate,51.568417,-3.2913
Trefforest Station,51.591419,-3.325157
Trehafod,51.609661,-3.380569
Treherbert,51.671577,-3.53575
Treorchy,51.657593,-3.504922
Trimley,51.976509,1.318431
Tring,51.800327,-0.622253
Troed-Y-Rhiw,51.71257,-3.346066
Tulse Hill,51.439713,-0.10506
Turkey Street,51.673481,-0.047594
Tutbury & Hatton,52.864342,-1.682085
Ty Croes,53.222885,-4.476033
Ty Glas,51.519104,-3.193341
Tygwyn,52.893307,-4.079579
Tyseley,52.453819,-1.839568
Uddingston,55.823669,-4.086266
Ulceby,53.619457,-0.30063
Ulleskelf,53.85276,-1.215536
Umberleigh,50.996704,-3.982228
University (Birmingham),52.451218,-1.936691
Uphall,55.919395,-3.499279
Upholland,53.528192,-2.741346
Upper Halliford,51.413036,-0.429722
Upper Holloway,51.563652,-0.129293
Upper Warlingham,51.307972,-0.077498
Upton,53.385712,-3.084013
Upwey,50.64838,-2.466731
Urmston,53.448203,-2.35344
Uttoxeter,52.897041,-1.857258
Valley,53.281281,-4.563436
Vauxhall,51.485686,-0.124025
Virginia Water,51.401257,-0.562389
Waddon,51.367062,-0.116688
Wadhurst,51.07338,0.312483
Wainfleet,53.105373,0.234774
Walkden,53.520313,-2.395128
Wallasey Grove Road,53.428049,-3.06982
Wallasey Village,53.422695,-3.069901
Wallington,51.360424,-0.151431
Wallyford,55.942322,-3.013417
Walmer,51.203808,1.382819
Walsall,52.584282,-1.98521
Walsden,53.696056,-2.104719
Waltham Cross,51.684834,-0.026846
Walthamstow Central,51.583092,-0.019715
Walthamstow Queens Road,51.581367,-0.024113
Walton (Merseyside),53.456346,-2.965794
Walton-On-Thames,51.372364,-0.413873
Wanborough,51.245129,-0.66756
Wandsworth Common,51.446072,-0.165239
Wandsworth Road,51.470829,-0.138332
Wandsworth Town,51.460812,-0.187679
Wanstead Park,51.551746,0.025089
Wapping,51.50372,-0.05629
Warblington,50.853382,-0.967163
Ware,51.808056,-0.028729
Wargrave,51.498217,-0.876589
Warnham,51.0933,-0.329193
Warrington Bank Quay,53.385509,-2.602871
Warwick,52.286861,-1.582155
Warwick Parkway,52.286268,-1.613493
Wateringbury,51.249214,0.423039
Waterloo (Merseyside),53.474968,-3.025532
Watford High Street,51.652743,-0.391656
Watford North,51.675087,-0.3903
Watton-At-Stone,51.857201,-0.119521
Waun-Gron Park,51.486366,-3.228492
Wavertree Technology Park,53.405132,-2.922964
Wedgwood,52.951839,-2.171135
Weeley,51.852566,1.114661
Weeton,53.923813,-1.581206
Welham Green,51.736324,-0.209989
Welling,51.464966,0.101872
Welwyn North,51.824165,-0.191992
Wem,52.856293,-2.718784
Wembley Stadium,51.553993,-0.284958
Wemyss Bay,55.876656,-4.888525
Wendover,51.76193,-0.747778
Wennington,54.123531,-2.587517
West Allerton,53.36912,-2.907
West Brompton,51.487289,-0.195265
West Byfleet,51.339394,-0.505468
West Calder,55.853848,-3.567045
West Croydon,51.378517,-0.101844
West Drayton,51.509827,-0.472515
West Dulwich,51.440388,-0.090646
West Ham,51.528709,0.005323
West Hampstead,51.54711,-0.191016
West Hampstead Thameslink,51.548644,-0.1924
West Horndon,51.56744,0.341807
West Kilbride,55.696842,-4.851365
West Kirby,53.373171,-3.183771
West Malling,51.291584,0.418098
West Norwood,51.431583,-0.102517
West Ruislip,51.569708,-0.437812
West Runton,52.935497,1.245516
West St Leonards,50.85368,0.540303
West Sutton,51.365734,-0.20437
West Wickham,51.381577,-0.015495
West Worthing,50.818111,-0.392983
Westcliff,51.537437,0.692146
Westcombe Park,51.484428,0.017787
Westenhanger,51.095444,1.037775
Wester Hailes,55.913727,-3.284654
Westerfield,52.081417,1.167082
Westerton,55.905479,-4.335444
Westgate-On-Sea,51.381386,1.338402
Weston Milton,51.348579,-2.942236
Wetheral,54.883308,-2.833897
Whaley Bridge,53.330402,-1.983448
Whalley,53.824165,-2.412186
Whatstandwell,53.083076,-1.504312
Whifflet,55.852596,-4.022313
Whinhill,55.938396,-4.746744
Whiston,53.413932,-2.796407
Whitchurch (Glamorgan),51.520599,-3.222209
Whitchurch (Hants),51.237358,-1.338183
White Hart Lane,51.604622,-0.070759
White Notley,51.839069,0.596874
Whitecraigs,55.790001,-4.310977
Whitefield Metrolink,53.55027,-2.29578
Whitehaven,54.552864,-3.586843
Whitley Bridge,53.698685,-1.159331
Whitlocks End,52.3918,-1.851545
Whittlesea,52.549522,-0.116602
Whitton,51.447109,-0.356607
Whitwell,53.280987,-1.20055
Whyteleafe South,51.303474,-0.077684
Whyteleafe Station,51.309834,-0.081725
Wickham Market,52.151421,1.398685
Widdrington,55.241428,-1.61623
Widnes,53.37849,-2.733556
Widney Manor,52.396175,-1.773647
Wigan Wallgate,53.545353,-2.633814
Wigton,54.829365,-3.164373
Wildmill,51.520824,-3.579684
Willesden Junction,51.5322,-0.2435
Williamwood,55.79398,-4.290462
Willington,52.854069,-1.563356
Wilmcote,52.222618,-1.755493
Wilnecote,52.610817,-1.679499
Wimbledon Chase,51.409958,-0.214138
Winchelsea,50.933716,0.701241
Winchfield,51.284481,-0.90733
Winchmore Hill,51.633896,-0.101314
Windsor & Eton Central,51.48275,-0.608806
Winnersh Station,51.430779,-0.87795
Winnersh Triangle,51.437233,-0.895052
Winsford,53.190505,-2.494669
Wishaw,55.772346,-3.927267
Witley,51.133362,-0.645059
Witton,52.51141,-1.883566
Wivelsfield,50.964249,-0.121633
Wivenhoe,51.855789,0.955116
Woburn Sands,52.01817,-0.654073
Woldingham,51.289547,-0.051013
Wolverton,52.064861,-0.80377
Wombwell,53.517754,-1.417811
Wood End,52.344143,-1.844372
Wood Street,51.587284,-0.00221
Woodbridge,52.089855,1.31807
Woodgrange Park,51.548706,0.04514
Woodhall,55.931339,-4.655614
Woodhouse,53.364639,-1.358278
Woodlesford,53.756969,-1.443328
Woodley,53.429245,-2.093275
Woodmansterne,51.31012,-0.154887
Woodsmoor,53.386055,-2.1413
Woolston,50.898556,-1.37713
Woolwich Dockyard,51.49099,0.054083
Wootton Wawen,52.265831,-1.784561
Worcester Park,51.381649,-0.245415
Workington Station,54.645061,-3.558626
Worksop,53.311005,-1.123444
Worle,51.357995,-2.909703
Worplesdon,51.288189,-0.581705
Worstead,52.777256,1.404282
Wrabness,51.939228,1.17014
Wraysbury,51.457661,-0.541906
Wrenbury,53.019311,-2.596089
Wressle,53.773212,-0.924169
Wrexham Central,53.044876,-2.996385
Wrexham General,53.05022,-3.002467
Wye,51.185463,0.929188
Wylam,54.974991,-1.814058
Wylde Green,52.545599,-1.831461
Wymondham,52.564804,1.11769
Wythall,52.380131,-1.866284
Yalding,51.226067,0.4118
Yardley Wood,52.421478,-1.854396
Yarm,54.506115,-1.35597
Yarmouth (Isle of Wight),50.70765,-1.50002
Yate,51.540554,-2.432541
Yeoford,50.77684,-3.726109
Yetminster,50.896114,-2.573004
Ynyswen,51.668095,-3.526959
Yoker,55.892792,-4.387464
Yorton,52.809009,-2.73645
Ystrad Mynach,51.640884,-3.241342
Ystrad Rhondda,51.644478,-3.47557
Abraham Moss Metrolink,53.50995,-2.2367
Altrincham Metrolink,53.38833,-2.34728
Anchorage Metrolink,53.47389,-2.28621
Bishopstone (Hill Rise by Bus),50.78185,0.083826
Broadway Metrolink,53.47476,-2.29526
Burton Road Metrolink,53.42905,-2.24076
Central Park Metrolink,53.50103,-2.19896
Chorlton Metrolink,53.44246,-2.27396
Cornbrook Metrolink,53.46944,-2.26811
Coulsdon Town,51.32243,-0.13429
Dereham Market Place,52.684896,0.945983
Didsbury Village Metrolink,53.41649,-2.22865
Drayton Manor,52.61095,-1.71345
Dunoon,55.94681,-4.92252
Duns,55.778865,-2.342808
Ealing Common,51.51,-0.28805
Earlston,55.639072,-2.68
East Cowes,50.75873,-1.29107
East Didsbury Metrolink,53.41201,-2.2181
Ebbw Vale Town,51.782007,-3.205996
Eccles Metrolink,53.48275,-2.336
Exchange Quay Metrolink,53.4667,-2.28315
Firswood Metrolink,53.45143,-2.27853
Galashiels,55.610426,-2.809693
Glasgow Airport,55.865803,-4.432114
Gourock Pier,55.9628,-4.81475
Harbour City Metrolink,53.47388,-2.29073
Hawick,55.425478,-2.7822
Heathrow Terminal 5 Bus,51.47,-0.48
Heathrow Terminals 1-2-3 Bus,51.471,-0.456
Ladywell Metrolink,53.48367,-2.32697
Langholm,55.006935,-2.99296
Langworthy Metrolink,53.48015,-2.2968
Media City Metrolink,53.47296,-2.29675
Melrose,55.59753,-2.715786
Monsall Metrolink,53.50101,-2.21102
Newbury Park,51.57582,0.08971
Newcastle Airport,55.03588,-1.71209
Newcastle Central (Metro),54.96823,-1.61729
Newcourt,50.705418,-3.47259
Newton Heath and Moston,53.50375,-2.1854
Pickering Eastgate,54.24349,-0.77435
Pomona Metrolink,53.46401,-2.28012
Salford Quays Metrolink,53.4703,-2.28468
Sampford Courtenay,50.77896,-3.93751
Selkirk,55.516089,-2.806171
Sholing,50.896687,-1.36436
Southampton Town Quay,50.895035,-1.405778
Southease Church (By Bus),50.8307,0.0306
Stadium of Light,54.917837,-1.383751
Weaste Metrolink,53.48192,-2.30887
Wedgwood Lane,52.95097,-2.17558
Wells Next The Sea,52.95288,0.850696
West Didsbury Metrolink,53.42456,-2.23622
Whitechapel,51.519091,-0.061404
Withington Metrolink,53.43262,-2.24981
Apperley Bridge,53.84138,-1.703065
Bermuda Park,52.5029,-1.4726
Cardiff International Airport,51.396667,-3.343333
Coventry Arena,52.447032,-1.494559
Cranbrook (Devon),50.7501,-3.4206
Eskbank,55.88956,-3.07845
Glastonbury Bus,51.148528,-2.714062
Gorebridge,55.836732,-3.046099
James Cook University Hospital,54.5515,-1.2076
Kirkstall Forge,53.826,-1.62
Lea Bridge,51.5672,-0.00363
Manchester Utd Football Ground,53.463056,-2.291389
Newhey Metrolink,53.601021,-2.095411
Newtongrange,55.865652,-3.066151
Oxford Parkway,51.8042,-1.2745
Shawfair,55.91993,-3.07872
Stow,55.691398,-2.857782
Tweedbank,55.604394,-2.764936
Edinburgh Airport,55.95,-3.3725
Ardrossan,55.6432,-4.8097
Bedford,52.136436,-0.460739
Bicester,51.89998,-1.15357
Blackpool,53.81417,-3.05028
Bootle,53.4457,-2.9891
Bradford,53.8,-1.75206
Burnley,53.789,-2.248
Canterbury,51.275,1.087
Catford,51.4452,-0.0207
Colchester,51.8917,0.903
Croydon,51.3727,-0.1099
Dorchester,50.7154,-2.4367
Dorking,51.23228,-0.3338
Dudley,52.508,-2.089
Dulwich,51.4457,-0.0779
Dumbarton,55.95,-4.566667
Ealing,51.5175,-0.2988
Edenbridge,51.197,0.065
Enfield,51.645,-0.06
Epsom,51.336,-0.267
Ewell,51.35,-0.249
Falkirk,56.0011,-3.7835
Falmouth,50.15,-5.07
Farnborough,51.29,-0.75
Gainsborough,53.4016,-0.7732
Grimsby,53.5595,-0.068
Guildford,51.2365,-0.5703
Hampstead,51.5541,-0.1744
Harwich,51.94458,1.289852
Hawarden,53.182,-3.02
Hertford,51.795,-0.078
Kentish Town,51.5447,-0.1459
Kenton,51.583,-0.3032
Lelant,50.184,-5.44
Leyton,51.560558,-0.015465
Lichfield,52.6835,-1.82653
Liverpool,53.4,-2.983
Livingston,55.8834,-3.5157
Lymington,50.75,-1.55
Lympstone,50.646,-3.4298
Maesteg,51.61,-3.65
Maidstone,51.272,0.529
Malling,51.2917,0.41521
Malvern,52.118,-2.325
Mansfield,53.1435,-1.1963
Matlock,53.14,-1.55
New Cross,51.4709,-0.0337
New Mills,53.367,-2.007
Newark,53.0765,-0.81
Newbury,51.401,-1.323
Norwood,51.3995,-0.0747
Oulton Broad,52.48,1.75
Paisley,55.846627,-4.423636
Peckham,51.4714,-0.0625
Pembroke,51.67604,-4.9158
Penge,51.4174,-0.0648
Pevensey,50.8203,0.3383
Pollokshaws,55.821833,-4.29
Pollokshields,55.8406,-4.3262
Pontefract,53.691,-1.312
Portsmouth,50.816667,-1.083333
Prestwick,55.495551,-4.61416
Reading,51.454167,-0.973056
Redcar,54.61856,-1.06856
Reddish,53.4383,-2.1613
Rugeley,52.756,-1.916
Ruislip,51.576,-0.433
Ryde,50.7271,-1.1618
Salford,53.50972,-2.33444
Smethwick,52.49285,-1.968226
Southampton,50.9,-1.4
Southend,51.53789,0.71377
St Budeaux,50.403333,-4.185556
St Helens,53.4541,-2.7461
St Leonards,50.85282,0.54165
Stourbridge,52.4575,-2.1479
Streatham,51.4279,-0.1235
Sudbury Harrow,51.5537,-0.3199
Sydenham,51.4254,-0.0544
Thorne,53.6083,-0.9583
Tilbury,51.4606,0.3582
Trefforest,51.5878,-3.3221
Tyndrum,56.43524,-4.71009
Wakefield,53.6801,-1.492
Wallasey,53.423,-3.065
Walthamstow,51.584,-0.0211
Walton,53.443,-2.955
Wandsworth,51.4644,-0.1924
Warrington,53.391667,-2.59722
Watford,51.655,-0.395694
Welwyn,51.8062,-0.1932
Wembley,51.556,-0.3042
Whyteleafe,51.30886,-0.08339
Wigan,53.5448,-2.6318
Wimbledon,51.4235,-0.18171
Windsor,51.4791,-0.6095
Winnersh,51.4281,-0.8794
Woolwich,51.488,0.063
Worcester,52.19123,-2.22231
Wrexham,53.046,-2.993
Yeovil,50.9452,-2.637
